UBICACIÓN / LOCATION,IMAGEN PLANO,DESARROLLO / DEVELOPMENT,UNIDAD / UNIT,RECAMARAS / BEDROOMS,M2,SQFT,PRECIO DE LISTA / PRICE LIST,DESCUENTO / DISCOUNT %,DESCUENTO / DISCOUNT $,PRECIO FINAL / FINAL PRICE,COTIZAR,OPCION 1,ENGANCHE,MONTO,SALDO,PRECIO ,DESCUENTO TOTAL,OPCION 2,ENGANCHE1,MONTO1,SALDO1,PRECIO1,DESCUENTO TOTAL1,OPCION 3,ENGANCHE2,MONTO2,SALDO2,PRECIO2,DESCUENTO TOTAL2,OPCION 4,ENGANCHE3,MONTO3,6 MESES 10%,12 MESES 10%,SALDO3,PRECIO3,DESCUENTO TOTAL3,OPCION 5,ENGANCHE4,MONTO4,6 MESES 10%1,12 MESES 10%1,SALDO4,PRECIO4,DESCUENTO TOTAL4,OPCION 6,ENGANCHE5,MONTO5,SALDO5,PRECIO5,DESCUENTO TOTAL5,PRECIO6,OPCION 7,ENGANCHE6,MONTO6,A FINANCIAR,MONTO TOTAL A PAGAR,TASA,PLAZO,PAGO MENSUAL,ENGANCHE7,MONTO7,SALDO7,PRECIO7,DESCUENTO TOTAL7,TC PREVENTA,TC TERMINADO,PRECIO DE LISTA / PRICE LIST MXN,DESCUENTO / DISCOUNT % MXN,DESCUENTO / DISCOUNT $ MXN,PRECIO FINAL / FINAL PRICE MXN,TC CAD,PRECIO DE LISTA / PRICE LIST CAD,DESCUENTO / DISCOUNT % CAD,DESCUENTO / DISCOUNT $ CAD,PRECIO FINAL / FINAL PRICE CAD,,DESARROLLO / DEVELOPMENT,UNIDAD / UNIT,RECAMARAS / BEDROOMS,M2,SQFT,PRECIO DE LISTA / PRICE LIST,DESCUENTO / DISCOUNT %,DESCUENTO / DISCOUNT $,PRECIO FINAL / FINAL PRICE,,,BAJA ,MEDIO ,ALTA ,FIESTAS ,,,BAJA ,MEDIO ,ALTA,FIESTAS ,,INGRESO BRUTO,30% ADMIN,GASTOS GENERALES,MANTENIMIENTO,PREDIAL,RETORNO,,,,,,,,,,,,,,,,,,,,,,,,,,,,,,
PLAYA DEL CARMEN,https://static.wixstatic.com/media/5ed051_d08fa308607541e89149dea8b11a5b55~mv2.jpg,CEIBA,12,2 RECAMARAS,105,1134," $492,275 ",10%," $49,228 "," $443,048 ",💰 Cotizar,Forma de pago / Payment plan 1,30%,132914,310133,443048,49228,Forma de pago / Payment plan 2,50%,214140,214140,428279,63996,Forma de pago / Payment plan 3,80%,334747,83687,418434,73841,,,,,,,,,,,,,,,,,,,,,,,,,,,,,,,,,,,,,22,,10830050,1083005,0,9747045,15,746900,10%,74690,672210,,CEIBA,12,2 RECAMARAS,105,1134,"$492,275",10%,"$49,228","$443,048",,,$135,$165,$210,$350,,,,,,,,"$44,049.00","$13,214.70","$3,000.00","$4,410.00",$443.05,5.19%,,,,,,,,,,,,,,,,,,,,,,,,,,,,,,
PLAYA DEL CARMEN,https://static.wixstatic.com/media/5ed051_c69c9cf71f0f4b0588c00d3426e41ab7~mv2.jpg,CEIBA,14,1 RECAMARA,58,625," $365,545 ",10%," $36,555 "," $328,991 ",💰 Cotizar,Forma de pago / Payment plan 1,30%,98697,230293,328991,36555,Forma de pago / Payment plan 2,50%,159012,159012,318024,47521,Forma de pago / Payment plan 3,80%,248571,62143,310713,54832,,,,,,,,,,,,,,,,,,,,,,,,,,,,,,,,,,,,,22,,8041990,804199,0,7237791,15,554620,10%,55462,499158,,CEIBA,14,1 RECAMARA,58,625,"$365,545",10%,"$36,555","$328,991",,,$90,$130,$150,$200,,,,,,,,"$31,416.00","$9,424.80","$3,000.00","$2,436.00",$328.99,4.93%,,,,,,,,,,,,,,,,,,,,,,,,,,,,,,
PLAYA DEL CARMEN,https://static.wixstatic.com/media/5ed051_b5b42a962d2649f1aa0b9ed4ea70d512~mv2.jpg,CEIBA,101,2 RECAMARAS,93,999," $475,008 ",10%," $47,501 "," $427,507 ",💰 Cotizar,Forma de pago / Payment plan 1,30%,128252,299255,427507,47501,Forma de pago / Payment plan 2,50%,206629,206629,413257,61751,Forma de pago / Payment plan 3,80%,323006,80751,403757,71251,,,,,,,,,,,,,,,,,,,,,,,,,,,,,,,,,,,,,22,,10450181,1045018,0,9405163,15,720702,10%,72070,648632,,CEIBA,101,2 RECAMARAS,93,999,"$475,008",10%,"$47,501","$427,507",,,$135,$165,$210,$350,,,,,,,,"$44,049.00","$13,214.70","$3,000.00","$3,906.00",$427.51,5.50%,,,,,,,,,,,,,,,,,,,,,,,,,,,,,,
PLAYA DEL CARMEN,https://static.wixstatic.com/media/5ed051_adae9119105c4e15a2a3251cea734b11~mv2.jpg,CEIBA,105,3 RECAMARAS,126,1361," $586,144 ",10%," $58,614 "," $527,530 ",💰 Cotizar,Forma de pago / Payment plan 1,30%,158259,369271,527530,58614,Forma de pago / Payment plan 2,50%,254973,254973,509945,76199,Forma de pago / Payment plan 3,80%,398578,99644,498222,87922,,,,,,,,,,,,,,,,,,,,,,,,,,,,,,,,,,,,,22,,12895168,1289517,0,11605651,15,889322,10%,88932,800390,,CEIBA,105,3 RECAMARAS,126,1361,"$586,144",10%,"$58,614","$527,530",,,$190,$260,$320,$550,,,,,,,,"$67,718.50","$20,315.55","$3,000.00","$5,292.00",$527.53,7.31%,,,,,,,,,,,,,,,,,,,,,,,,,,,,,,
PLAYA DEL CARMEN,https://static.wixstatic.com/media/5ed051_bb3269e0e08747678f5dd7555e5f1498~mv2.jpg,CEIBA,112,3 RECAMARAS,126,1361," $586,144 ",10%," $58,614 "," $527,530 ",💰 Cotizar,Forma de pago / Payment plan 1,30%,158259,369271,527530,58614,Forma de pago / Payment plan 2,50%,254973,254973,509945,76199,Forma de pago / Payment plan 3,80%,398578,99644,498222,87922,,,,,,,,,,,,,,,,,,,,,,,,,,,,,,,,,,,,,22,,12895168,1289517,0,11605651,15,889322,10%,88932,800390,,CEIBA,112,3 RECAMARAS,126,1361,"$586,144",10%,"$58,614","$527,530",,,$190,$260,$320,$550,,,,,,,,"$67,718.50","$20,315.55","$3,000.00","$5,292.00",$527.53,7.31%,,,,,,,,,,,,,,,,,,,,,,,,,,,,,,
PLAYA DEL CARMEN,https://static.wixstatic.com/media/5ed051_02e866b913f0486397a88c81968199c2~mv2.jpg,CEIBA,116,1 RECAMARA,68,727," $381,000 ",10%," $38,100 "," $342,900 ",💰 Cotizar,Forma de pago / Payment plan 1,30%,102870,240030,342900,38100,Forma de pago / Payment plan 2,50%,165735,165735,331470,49530,Forma de pago / Payment plan 3,80%,259080,64770,323850,57150,,,,,,,,,,,,,,,,,,,,,,,,,,,,,,,,,,,,,22,,8382000,838200,0,7543800,15,578069,10%,57807,520262,,CEIBA,116,1 RECAMARA,68,727,"$381,000",10%,"$38,100","$342,900",,,$90,$130,$150,$200,,,,,,,,"$31,416.00","$9,424.80","$3,000.00","$2,856.00",$342.90,4.61%,,,,,,,,,,,,,,,,,,,,,,,,,,,,,,
PLAYA DEL CARMEN,https://static.wixstatic.com/media/5ed051_e17a2bea6e3e4ba79648554dc9447741~mv2.jpg,CEIBA,201,2 RECAMARAS,93,999," $507,922 ",10%," $50,792 "," $457,129 ",💰 Cotizar,Forma de pago / Payment plan 1,30%,137139,319991,457129,50792,Forma de pago / Payment plan 2,50%,220946,220946,441892,66030,Forma de pago / Payment plan 3,80%,345387,86347,431733,76188,,,,,,,,,,,,,,,,,,,,,,,,,,,,,,,,,,,,,22,,11174276,1117428,0,10056849,15,770640,10%,77064,693576,,CEIBA,201,2 RECAMARAS,93,999,"$507,922",10%,"$50,792","$457,129",,,$135,$165,$210,$350,,,,,,,,"$44,049.00","$13,214.70","$3,000.00","$3,906.00",$457.13,5.13%,,,,,,,,,,,,,,,,,,,,,,,,,,,,,,
PLAYA DEL CARMEN,https://static.wixstatic.com/media/5ed051_ee930e3af8cb4621aa1ed8b81bd62987~mv2.jpg,CEIBA,205,3 RECAMARAS,126,1361," $600,929 ",10%," $60,093 "," $540,836 ",💰 Cotizar,Forma de pago / Payment plan 1,30%,162251,378585,540836,60093,Forma de pago / Payment plan 2,50%,261404,261404,522808,78121,Forma de pago / Payment plan 3,80%,408632,102158,510790,90139,,,,,,,,,,,,,,,,,,,,,,,,,,,,,,,,,,,,,22,,13220438,1322044,0,11898394,15,911754,10%,91175,820579,,CEIBA,205,3 RECAMARAS,126,1361,"$600,929",10%,"$60,093","$540,836",,,$190,$260,$320,$550,,,,,,,,"$67,718.50","$20,315.55","$3,000.00","$5,292.00",$540.84,7.13%,,,,,,,,,,,,,,,,,,,,,,,,,,,,,,
PLAYA DEL CARMEN,https://static.wixstatic.com/media/5ed051_8ca9455ca18e4dfba4156525f26720c9~mv2.jpg,CEIBA,210,2 RECAMARAS,93,999," $507,922 ",10%," $50,792 "," $457,129 ",💰 Cotizar,Forma de pago / Payment plan 1,30%,137139,319991,457129,50792,Forma de pago / Payment plan 2,50%,220946,220946,441892,66030,Forma de pago / Payment plan 3,80%,345387,86347,431733,76188,,,,,,,,,,,,,,,,,,,,,,,,,,,,,,,,,,,,,22,,11174276,1117428,0,10056849,15,770640,10%,77064,693576,,CEIBA,210,2 RECAMARAS,93,999,"$507,922",10%,"$50,792","$457,129",,,$135,$165,$210,$350,,,,,,,,"$44,049.00","$13,214.70","$3,000.00","$3,906.00",$457.13,5.13%,,,,,,,,,,,,,,,,,,,,,,,,,,,,,,
PLAYA DEL CARMEN,https://static.wixstatic.com/media/5ed051_483eba6f031e49e5890d2512c30716f6~mv2.jpg,CEIBA,211,1 RECAMARA,58,623," $319,464 ",10%," $31,946 "," $287,518 ",💰 Cotizar,Forma de pago / Payment plan 1,30%,86255,201262,287518,31946,Forma de pago / Payment plan 2,50%,138967,138967,277934,41530,Forma de pago / Payment plan 3,80%,217236,54309,271544,47920,,,,,,,,,,,,,,,,,,,,,,,,,,,,,,,,,,,,,22,,7028208,702821,0,6325387,15,484704,10%,48470,436234,,CEIBA,211,1 RECAMARA,58,623,"$319,464",10%,"$31,946","$287,518",,,$90,$130,$150,$200,,,,,,,,"$31,416.00","$9,424.80","$3,000.00","$2,436.00",$287.52,5.66%,,,,,,,,,,,,,,,,,,,,,,,,,,,,,,
PLAYA DEL CARMEN,https://static.wixstatic.com/media/5ed051_483eba6f031e49e5890d2512c30716f6~mv2.jpg,CEIBA,212,3 RECAMARAS,126,1361," $600,929 ",10%," $60,093 "," $540,836 ",💰 Cotizar,Forma de pago / Payment plan 1,30%,162251,378585,540836,60093,Forma de pago / Payment plan 2,50%,261404,261404,522808,78121,Forma de pago / Payment plan 3,80%,408632,102158,510790,90139,,,,,,,,,,,,,,,,,,,,,,,,,,,,,,,,,,,,,22,,13220438,1322044,0,11898394,15,911754,10%,91175,820579,,CEIBA,212,3 RECAMARAS,126,1361,"$600,929",10%,"$60,093","$540,836",,,$190,$260,$320,$550,,,,,,,,"$67,718.50","$20,315.55","$3,000.00","$5,292.00",$540.84,7.13%,,,,,,,,,,,,,,,,,,,,,,,,,,,,,,
PLAYA DEL CARMEN,https://static.wixstatic.com/media/5ed0517bd76a749199434b86cb7a835d207faf~mv2.jpg,CEIBA,302,2 RECAMARAS,85,914," $464,333 ",10%," $46,433 "," $417,900 ",💰 Cotizar,Forma de pago / Payment plan 1,30%,125370,292530,417900,46433,Forma de pago / Payment plan 2,50%,201985,201985,403970,60363,Forma de pago / Payment plan 3,80%,315746,78937,394683,69650,,,,,,,,,,,,,,,,,,,,,,,,,,,,,,,,,,,,,22,,10215326,1021533,0,9193793,15,704505,10%,70451,634055,,CEIBA,302,2 RECAMARAS,85,914,"$464,333",10%,"$46,433","$417,900",,,$135,$165,$210,$350,,,,,,,,"$44,049.00","$13,214.70","$3,000.00","$3,570.00",$417.90,5.71%,,,,,,,,,,,,,,,,,,,,,,,,,,,,,,
PLAYA DEL CARMEN,https://static.wixstatic.com/media/5ed051_ed854da40135474eafaf4e303eeade03~mv2.jpg,CEIBA,305,3 RECAMARAS,126,1361," $615,713 ",10%," $61,571 "," $554,142 ",💰 Cotizar,Forma de pago / Payment plan 1,30%,166243,387899,554142,61571,Forma de pago / Payment plan 2,50%,267835,267835,535670,80043,Forma de pago / Payment plan 3,80%,418685,104671,523356,92357,,,,,,,,,,,,,,,,,,,,,,,,,,,,,,,,,,,,,22,,13545686,1354569,0,12191117,15,934185,10%,93419,840767,,CEIBA,305,3 RECAMARAS,126,1361,"$615,713",10%,"$61,571","$554,142",,,$190,$260,$320,$550,,,,,,,,"$67,718.50","$20,315.55","$3,000.00","$5,292.00",$554.14,6.96%,,,,,,,,,,,,,,,,,,,,,,,,,,,,,,
PLAYA DEL CARMEN,https://static.wixstatic.com/media/5ed051_f8d416be64e246209ff992fdfd82c4ae~mv2.jpg,CEIBA,309,1 RECAMARA,68,731," $401,001 ",10%," $40,100 "," $360,901 ",💰 Cotizar,Forma de pago / Payment plan 1,30%,108270,252631,360901,40100,Forma de pago / Payment plan 2,50%,174435,174435,348871,52130,Forma de pago / Payment plan 3,80%,272681,68170,340851,60150,,,,,,,,,,,,,,,,,,,,,,,,,,,,,,,,,,,,,22,,8822022,882202,0,7939820,15,608415,10%,60842,547574,,CEIBA,309,1 RECAMARA,68,731,"$401,001",10%,"$40,100","$360,901",,,$90,$130,$150,$200,,,,,,,,"$31,416.00","$9,424.80","$3,000.00","$2,856.00",$360.90,4.37%,,,,,,,,,,,,,,,,,,,,,,,,,,,,,,
PLAYA DEL CARMEN,https://static.wixstatic.com/media/5ed051_12653153a2c84051b8644daa21b69ee5~mv2.jpg,CEIBA,312,3 RECAMARAS,126,1361," $615,713 ",10%," $61,571 "," $554,142 ",💰 Cotizar,Forma de pago / Payment plan 1,30%,166243,387899,554142,61571,Forma de pago / Payment plan 2,50%,267835,267835,535670,80043,Forma de pago / Payment plan 3,80%,418685,104671,523356,92357,,,,,,,,,,,,,,,,,,,,,,,,,,,,,,,,,,,,,22,,13545686,1354569,0,12191117,15,934185,10%,93419,840767,,CEIBA,312,3 RECAMARAS,126,1361,"$615,713",10%,"$61,571","$554,142",,,$190,$260,$320,$550,,,,,,,,"$67,718.50","$20,315.55","$3,000.00","$5,292.00",$554.14,6.96%,,,,,,,,,,,,,,,,,,,,,,,,,,,,,,
PLAYA DEL CARMEN,https://static.wixstatic.com/media/5ed051_55286ab659b54a90a49b6b6de43a7833~mv2.jpg,CEIBA,404,1 RECAMARA,58,623," $338,464 ",10%," $33,846 "," $304,618 ",💰 Cotizar,Forma de pago / Payment plan 1,30%,91385,213232,304618,33846,Forma de pago / Payment plan 2,50%,147232,147232,294464,44000,Forma de pago / Payment plan 3,80%,230156,57539,287694,50770,,,,,,,,,,,,,,,,,,,,,,,,,,,,,,,,,,,,,22,,7446208,744621,0,6701587,15,513532,10%,51353,462178,,CEIBA,404,1 RECAMARA,58,623,"$338,464",10%,"$33,846","$304,618",,,$90,$130,$150,$200,,,,,,,,"$31,416.00","$9,424.80","$3,000.00","$2,436.00",$304.62,5.33%,,,,,,,,,,,,,,,,,,,,,,,,,,,,,,
PLAYA DEL CARMEN,https://static.wixstatic.com/media/5ed051_7935235d62a84d8a9f3284edd49de674~mv2.jpg,CEIBA,411,1 RECAMARA,58,623," $338,464 ",10%," $33,846 "," $304,618 ",💰 Cotizar,Forma de pago / Payment plan 1,30%,91385,213232,304618,33846,Forma de pago / Payment plan 2,50%,147232,147232,294464,44000,Forma de pago / Payment plan 3,80%,230156,57539,287694,50770,,,,,,,,,,,,,,,,,,,,,,,,,,,,,,,,,,,,,22,,7446208,744621,0,6701587,15,513532,10%,51353,462178,,CEIBA,411,1 RECAMARA,58,623,"$338,464",10%,"$33,846","$304,618",,,$90,$130,$150,$200,,,,,,,,"$31,416.00","$9,424.80","$3,000.00","$2,436.00",$304.62,5.33%,,,,,,,,,,,,,,,,,,,,,,,,,,,,,,
PLAYA DEL CARMEN,https://static.wixstatic.com/media/5ed051_26e05477ac2c49f99d68a5863a2a2372~mv2.jpg,CEIBA,412,3 RECAMARAS,126,1361," $631,543 ",10%," $63,154 "," $568,389 ",💰 Cotizar,Forma de pago / Payment plan 1,30%,170517,397872,568389,63154,Forma de pago / Payment plan 2,50%,274721,274721,549442,82101,Forma de pago / Payment plan 3,80%,429449,107362,536812,94731,,,,,,,,,,,,,,,,,,,,,,,,,,,,,,,,,,,,,22,,13893946,1389395,0,12504551,15,958203,10%,95820,862383,,CEIBA,412,3 RECAMARAS,126,1361,"$631,543",10%,"$63,154","$568,389",,,$190,$260,$320,$550,,,,,,,,"$67,718.50","$20,315.55","$3,000.00","$5,292.00",$568.39,6.78%,,,,,,,,,,,,,,,,,,,,,,,,,,,,,,
PLAYA DEL CARMEN,https://static.wixstatic.com/media/5ed051_5dae9354bb5547688583c76f6f98d82f~mv2.jpg,CEIBA,503,3 RECAMARAS,161,1730," $739,982 ",10%," $73,998 "," $665,984 ",💰 Cotizar,Forma de pago / Payment plan 1,30%,199795,466189,665984,73998,Forma de pago / Payment plan 2,50%,321892,321892,643784,96198,Forma de pago / Payment plan 3,80%,503188,125797,628985,110997,,,,,,,,,,,,,,,,,,,,,,,,,,,,,,,,,,,,,22,,16279604,1627960,0,14651644,15,1122731,10%,112273,1010458,,CEIBA,503,3 RECAMARAS,161,1730,"$739,982",10%,"$73,998","$665,984",,,$190,$260,$320,$550,,,,,,,,"$67,718.50","$20,315.55","$3,000.00","$6,762.00",$665.98,5.55%,,,,,,,,,,,,,,,,,,,,,,,,,,,,,,
PLAYA DEL CARMEN,https://static.wixstatic.com/media/5ed051_60afd0c2d22e43cabab94b4ba272e250~mv2.jpg,CEIBA,505,3 RECAMARAS,203,2179," $856,197 ",10%," $85,620 "," $770,577 ",💰 Cotizar,Forma de pago / Payment plan 1,30%,231173,539404,770577,85620,Forma de pago / Payment plan 2,50%,372446,372446,744891,111306,Forma de pago / Payment plan 3,80%,582214,145553,727767,128430,,,,,,,,,,,,,,,,,,,,,,,,,,,,,,,,,,,,,22,,18836334,1883633,0,16952701,15,1299058,10%,129906,1169152,,CEIBA,505,3 RECAMARAS,203,2179,"$856,197",10%,"$85,620","$770,577",,,$190,$260,$320,$550,,,,,,,,"$67,718.50","$20,315.55","$3,000.00","$8,526.00",$770.58,4.56%,,,,,,,,,,,,,,,,,,,,,,,,,,,,,,
PLAYA DEL CARMEN,https://static.wixstatic.com/media/5ed051_bbb16d3dcbaf4ab5b177ce07afe3c4ee~mv2.jpg,CEIBA,509,1 RECAMARA,68,731," $421,001 ",10%," $42,100 "," $378,901 ",💰 Cotizar,Forma de pago / Payment plan 1,30%,113670,265231,378901,42100,Forma de pago / Payment plan 2,50%,183135,183135,366271,54730,Forma de pago / Payment plan 3,80%,286281,71570,357851,63150,,,,,,,,,,,,,,,,,,,,,,,,,,,,,,,,,,,,,22,,9262022,926202,0,8335820,15,638760,10%,63876,574884,,CEIBA,509,1 RECAMARA,68,731,"$421,001",10%,"$42,100","$378,901",,,$90,$130,$150,$200,,,,,,,,"$31,416.00","$9,424.80","$3,000.00",,$378.90,4.91%,,,,,,,,,,,,,,,,,,,,,,,,,,,,,,
PLAYA DEL CARMEN,https://static.wixstatic.com/media/5ed051_8c2530e83a0b42ed876dfe086a1e0117~mv2.jpg,CEIBA,510,3 RECAMARAS,161,1730," $739,982 ",10%," $73,998 "," $665,984 ",💰 Cotizar,Forma de pago / Payment plan 1,30%,199795,466189,665984,73998,Forma de pago / Payment plan 2,50%,321892,321892,643784,96198,Forma de pago / Payment plan 3,80%,503188,125797,628985,110997,,,,,,,,,,,,,,,,,,,,,,,,,,,,,,,,,,,,,22,,16279604,1627960,0,14651644,15,1122731,10%,112273,1010458,,CEIBA,510,3 RECAMARAS,161,1730,"$739,982",10%,"$73,998","$665,984",,,$190,$260,$320,$550,,,,,,,,"$67,718.50","$20,315.55","$3,000.00","$6,762.00",$665.98,5.55%,,,,,,,,,,,,,,,,,,,,,,,,,,,,,,
PLAYA DEL CARMEN,https://static.wixstatic.com/media/5ed051_48a3783e3abf4fad92909746ed2a4efb~mv2.jpg,CEIBA,512,3 RECAMARAS,203,2179," $856,197 ",10%," $85,620 "," $770,577 ",💰 Cotizar,Forma de pago / Payment plan 1,30%,231173,539404,770577,85620,Forma de pago / Payment plan 2,50%,372446,372446,744891,111306,Forma de pago / Payment plan 3,80%,582214,145553,727767,128430,,,,,,,,,,,,,,,,,,,,,,,,,enganche,monto,a financiar,por pagar total,tasa interes,plazo,pago mensual,,,,,,22,,18836334,1883633,0,16952701,15,1299058,10%,129906,1169152,,CEIBA,512,3 RECAMARAS,203,2179,"$856,197",10%,"$85,620","$770,577",,,$190,$260,$320,$550,,,,,,,,"$67,718.50","$20,315.55","$3,000.00","$8,526.00",$770.58,4.56%,,,,,,,,,,,,,,,,,,,,,,,,,,,,,,
TULUM,https://static.wixstatic.com/media/5ed051_34fe45a022db4bdf86c15dd0bb934d0b~mv2.jpg,COSTA CARIBE,A 102,1 RECAMARA,78,840,243899,32%,78048,165852,💰 Cotizar,Forma de pago / Payment plan 1,30%,49755,116096,165852,78048,Forma de pago / Payment plan 2,50%,82926,82926,165852,78048,Forma de pago / Payment plan 3,80%,132681,33170,165852,78048,,,,,,,,,,,,,,,,,,,,,,,195120,Forma de pago / Payment plan,50%,97560,97560,130210,12%,5,2170,,,,,,,21,5121888,1639004,0,3482884,15,353234,32%,113035,240199,,COSTA CARIBE,A 102,1 RECAMARA,78,840,"$243,899",32%,"$78,048","$165,852",,,,,,,,,$75,$90,$120,$170,,"$22,190.00","$6,657.00","$3,000.00","$3,280.17",$165.85,5.48%,,,,,,,,,,,,,,,,,,,,,,,,,,,,,,
TULUM,https://static.wixstatic.com/media/5ed051_26a59ae70d2a438d8ec6b266c27b0ebc~mv2.jpg,COSTA CARIBE,A 103,1 RECAMARA,65,696,239900,32%,76768,163132,💰 Cotizar,Forma de pago / Payment plan 1,30%,48940,114192,163132,76768,Forma de pago / Payment plan 2,50%,81566,81566,163132,76768,Forma de pago / Payment plan 3,80%,130506,32626,163132,76768,,,,,,,,,,,,,,,,,,,,,,,191920,Forma de pago / Payment plan,50%,95960,95960,128075,12%,5,2135,,,,,,,21,5037898,1612127,0,3425771,15,347441,32%,111181,236260,,COSTA CARIBE,A 103,1 RECAMARA,65,696,"$239,900",32%,"$76,768","$163,132",,,,,,,,,$75,$90,$120,$170,,"$22,190.00","$6,657.00","$3,000.00","$2,715.35",$163.13,5.92%,,,,,,,,,,,,,,,,,,,,,,,,,,,,,,
TULUM,https://static.wixstatic.com/media/5ed051_8d05375133ec467b8cbfe0bf0d7e8217~mv2.jpg,COSTA CARIBE,A 104,1 RECAMARA,54,582,227900,32%,72928,154972,💰 Cotizar,Forma de pago / Payment plan 1,30%,46492,108481,154972,72928,Forma de pago / Payment plan 2,50%,77486,77486,154972,72928,Forma de pago / Payment plan 3,80%,123978,30994,154972,72928,,,,,,,,,,,,,,,,,,,,,,,182320,Forma de pago / Payment plan,50%,91160,91160,121668,12%,5,2028,,,,,,,21,4785905,1531490,0,3254415,15,330062,32%,105620,224442,,COSTA CARIBE,A 104,1 RECAMARA,54,582,"$227,900",32%,"$72,928","$154,972",,,,,,,,,$75,$90,$120,$170,,"$22,190.00","$6,657.00","$3,000.00","$3,287.26",$154.97,5.87%,,,,,,,,,,,,,,,,,,,,,,,,,,,,,,
TULUM,https://static.wixstatic.com/media/5ed051_be8570046c3e470fb475999c4999d249~mv2.jpg,COSTA CARIBE,A 202,1 RECAMARA,94,1016,293900,32%,94048,199852,💰 Cotizar,Forma de pago / Payment plan 1,30%,59956,139897,199852,94048,Forma de pago / Payment plan 2,50%,99926,99926,199852,94048,Forma de pago / Payment plan 3,80%,159882,39970,199852,94048,,,,,,,,,,,,,,,,,,,,,,,235120,Forma de pago / Payment plan,50%,117560,117560,156904,12%,5,2615,,,,,,,21,6171910,1975011,0,4196899,15,425649,32%,136208,289441,,COSTA CARIBE,A 202,1 RECAMARA,94,1016,"$293,900",32%,"$94,048","$199,852",,,,,,,,,$75,$90,$120,$170,,"$22,190.00","$6,657.00","$3,000.00","$3,963.41",$199.85,4.19%,,,,,,,,,,,,,,,,,,,,,,,,,,,,,,
TULUM,https://static.wixstatic.com/media/5ed051_81e2085c4e1641dd82af9a7b92d7dae0~mv2.jpg,COSTA CARIBE,A 203,1 RECAMARA,66,713,239900,32%,76768,163132,💰 Cotizar,Forma de pago / Payment plan 1,30%,48940,114192,163132,76768,Forma de pago / Payment plan 2,50%,81566,81566,163132,76768,Forma de pago / Payment plan 3,80%,130506,32626,163132,76768,,,,,,,,,,,,,,,,,,,,,,,191920,Forma de pago / Payment plan,50%,95960,95960,128075,12%,5,2135,,,,,,,21,5037903,1612129,0,3425774,15,347442,32%,111181,236260,,COSTA CARIBE,A 203,1 RECAMARA,66,713,"$239,900",32%,"$76,768","$163,132",,,,,,,,,$75,$90,$120,$170,,"$22,190.00","$6,657.00","$3,000.00","$2,780.85",$163.13,5.88%,,,,,,,,,,,,,,$90,$130,$150,$200,,,,,,,,"$31,416.00","$9,424.80","$3,000.00","$2,856.00",$378.90,4.16%
TULUM,https://static.wixstatic.com/media/5ed051_159c3921c5f34afbba1e983543423a79~mv2.jpg,COSTA CARIBE,A 301,2 RECAMARAS,192,2069,529898,37%,196062,333836,💰 Cotizar,Forma de pago / Payment plan 1,30%,100151,233685,333836,196062,Forma de pago / Payment plan 2,50%,166918,166918,333836,196062,Forma de pago / Payment plan 3,80%,267069,66767,333836,196062,,,,,,,,,,,,,,,,,,,,,,,423918,Forma de pago / Payment plan,50%,211959,211959,282895,12%,5,4715,,,,,,,21,11127858,4117307,0,7010551,15,767438,37%,283952,483486,,COSTA CARIBE,A 301,2 RECAMARAS,192,2069,"$529,898",37%,"$196,062","$333,836",,,,,,,,,$130,$150,$180,$220,,"$33,910.00","$10,173.00","$3,000.00","$8,075.06",$333.84,3.69%,,,,,,,,,,,,,,,,,,,,,,,,,,,,,,
TULUM,https://static.wixstatic.com/media/5ed051_c746ad1f862d4340963e64deb63fe5a0~mv2.jpg,COSTA CARIBE,A 302,2 RECAMARAS,169,1820,479900,37%,177563,302337,💰 Cotizar,Forma de pago / Payment plan 1,30%,90701,211636,302337,177563,Forma de pago / Payment plan 2,50%,151169,151169,302337,177563,Forma de pago / Payment plan 3,80%,241870,60467,302337,177563,,,,,,,,,,,,,,,,,,,,,,,383920,Forma de pago / Payment plan,50%,191960,191960,256203,12%,5,4270,,,,,,,21,10077906,3728825,0,6349081,15,695028,37%,257160,437868,,COSTA CARIBE,A 302,2 RECAMARAS,169,1820,"$479,900",37%,"$177,563","$302,337",,,,,,,,,$130,$150,$180,$220,,"$33,910.00","$10,173.00","$3,000.00","$7,103.74",$302.34,4.41%,,,,,,,,,,,,,,,,,,,,,,,,,,,,,,
TULUM,https://static.wixstatic.com/media/5ed051_db9cc6bd3899488d8ed4d927d5eeb8a1~mv2.jpg,COSTA CARIBE,B 1,2 RECAMARAS,107,1152,348665,37%,129006,219659,💰 Cotizar,Forma de pago / Payment plan 1,30%,65898,153761,219659,129006,Forma de pago / Payment plan 2,50%,109829,109829,219659,129006,Forma de pago / Payment plan 3,80%,175727,43932,219659,129006,,,,,,,,,,,,,,,,,,,,,,,278932,Forma de pago / Payment plan,50%,139466,139466,186141,12%,5,3102,,,,,,,21,7321963,2709126,0,4612837,15,504963,37%,186836,318127,,COSTA CARIBE,B 1,2 RECAMARAS,107,1152,"$348,665",37%,"$129,006","$219,659",,,,,,,,,$108,$120,$150,$200,,"$28,389.50","$8,516.85","$3,000.00","$4,769.28",$219.66,5.41%,,,,,,,,,,,,,,,,,,,,,,,,,,,,,,
TULUM,https://static.wixstatic.com/media/5ed051_224be909a1474fc182ef02262a63ea48~mv2.jpg,COSTA CARIBE,B 101,1 RECAMARA,71,759,243900,32%,78048,165852,💰 Cotizar,Forma de pago / Payment plan 1,30%,49756,116096,165852,78048,Forma de pago / Payment plan 2,50%,82926,82926,165852,78048,Forma de pago / Payment plan 3,80%,132681,33170,165852,78048,,,,,,,,,,,,,,,,,,,,,,,195120,Forma de pago / Payment plan,50%,97560,97560,130210,12%,5,2170,,,,,,,21,5121896,1639007,0,3482889,15,353234,32%,113035,240199,,COSTA CARIBE,B 101,1 RECAMARA,71,759,"$243,900",32%,"$78,048","$165,852",,,,,,,,,$75,$90,$120,$170,,"$22,190.00","$6,657.00","$3,000.00","$2,961.85",$165.85,5.67%,,,,,,,,,,,,,,,,,,,,,,,,,,,,,,
TULUM,https://static.wixstatic.com/media/5ed051_b9af8f79807b43708e2e7570432ef6e3~mv2.jpg,COSTA CARIBE,B 102,1 RECAMARA,60,645,239821,32%,76743,163078,💰 Cotizar,Forma de pago / Payment plan 1,30%,48923,114155,163078,76743,Forma de pago / Payment plan 2,50%,81539,81539,163078,76743,Forma de pago / Payment plan 3,80%,130463,32616,163078,76743,,,,,,,,,,,,,,,,,,,,,,,191857,Forma de pago / Payment plan,50%,95928,95928,128032,12%,5,2134,,,,,,,21,5036239,1611596,0,3424643,15,347327,32%,111145,236182,,COSTA CARIBE,B 102,1 RECAMARA,60,645,"$239,821",32%,"$76,743","$163,078",,,,,,,,,$75,$90,$120,$170,,"$22,190.00","$6,657.00","$3,000.00","$2,536.87",$163.08,6.03%,,,,,,,,,,,,,,,,,,,,,,,,,,,,,,
TULUM,https://static.wixstatic.com/media/5ed051_a77815a3b961411398dcb2faf7efb4d6~mv2.jpg,COSTA CARIBE,B 2,2 RECAMARAS,147,1587,438900,37%,162393,276507,💰 Cotizar,Forma de pago / Payment plan 1,30%,82952,193555,276507,162393,Forma de pago / Payment plan 2,50%,138254,138254,276507,162393,Forma de pago / Payment plan 3,80%,221206,55301,276507,162393,,,,,,,,,,,,,,,,,,,,,,,351120,Forma de pago / Payment plan,50%,175560,175560,234314,12%,5,3905,,,,,,,21,9216904,3410255,0,5806650,15,635649,37%,235190,400459,,COSTA CARIBE,B 2,2 RECAMARAS,147,1587,"$438,900",37%,"$162,393","$276,507",,,,,,,,,$108,$120,$150,$200,,"$28,389.50","$8,516.85","$3,000.00","$6,192.88",$276.51,3.76%,,,,,,,,,,,,,,,,,,,,,,,,,,,,,,
TULUM,https://static.wixstatic.com/media/5ed051_f6458980b64548ed9dd48fae1ab36527~mv2.jpg,COSTA CARIBE,B 202,1 RECAMARA,63,680,239901,32%,76768,163133,💰 Cotizar,Forma de pago / Payment plan 1,30%,48940,114193,163133,76768,Forma de pago / Payment plan 2,50%,81566,81566,163133,76768,Forma de pago / Payment plan 3,80%,130506,32627,163133,76768,,,,,,,,,,,,,,,,,,,,,,,191921,Forma de pago / Payment plan,50%,95960,95960,128075,12%,5,2135,,,,,,,21,5037918,1612134,0,3425785,15,347443,32%,111182,236261,,COSTA CARIBE,B 202,1 RECAMARA,63,680,"$239,901",32%,"$76,768","$163,133",,,,,,,,,$75,$90,$120,$170,,"$22,190.00","$6,657.00","$3,000.00","$2,654.03",$163.13,5.96%,,,,,,,,,,,,,,,,,,,,,,,,,,,,,,
TULUM,https://static.wixstatic.com/media/5ed051_171b6ffe9b33439f8dbd2f16ed882875~mv2.jpg,COSTA CARIBE,B 203,1 RECAMARA,54,582,227900,32%,72928,154972,💰 Cotizar,Forma de pago / Payment plan 1,30%,46492,108480,154972,72928,Forma de pago / Payment plan 2,50%,77486,77486,154972,72928,Forma de pago / Payment plan 3,80%,123978,30994,154972,72928,,,,,,,,,,,,,,,,,,,,,,,182320,Forma de pago / Payment plan,50%,91160,91160,121668,12%,5,2028,,,,,,,21,4785901,1531488,0,3254413,15,330062,32%,105620,224442,,COSTA CARIBE,B 203,1 RECAMARA,54,582,"$227,900",32%,"$72,928","$154,972",,,,,,,,,$75,$90,$120,$170,,"$22,190.00","$6,657.00","$3,000.00","$2,270.21",$154.97,6.52%,,,,,,,,,,,,,,,,,,,,,,,,,,,,,,
TULUM,https://static.wixstatic.com/media/5ed051_8e2283bbf98b4f238db1d959fa021b05~mv2.jpg,COSTA CARIBE,B 206,1 RECAMARA,53,570,227900,32%,72928,154972,💰 Cotizar,Forma de pago / Payment plan 1,30%,46492,108480,154972,72928,Forma de pago / Payment plan 2,50%,77486,77486,154972,72928,Forma de pago / Payment plan 3,80%,123978,30994,154972,72928,,,,,,,,,,,,,,,,,,,,,,,182320,Forma de pago / Payment plan,50%,91160,91160,121668,12%,5,2028,,,,,,,21,4785901,1531488,0,3254413,15,330062,32%,105620,224442,,COSTA CARIBE,B 206,1 RECAMARA,53,570,"$227,900",32%,"$72,928","$154,972",,,,,,,,,$75,$90,$120,$170,,"$22,190.00","$6,657.00","$3,000.00","$2,264.32",$154.97,6.53%,,,,,,,,,,,,,,,,,,,,,,,,,,,,,,
TULUM,https://static.wixstatic.com/media/5ed051_6f17d7d3dd8045b7b75b3ef6bd6f7bcb~mv2.jpg,COSTA CARIBE,B 208,1 RECAMARA,54,582,227900,32%,72928,154972,💰 Cotizar,Forma de pago / Payment plan 1,30%,46492,108480,154972,72928,Forma de pago / Payment plan 2,50%,77486,77486,154972,72928,Forma de pago / Payment plan 3,80%,123978,30994,154972,72928,,,,,,,,,,,,,,,,,,,,,,,182320,Forma de pago / Payment plan,50%,91160,91160,121668,12%,5,2028,,,,,,,21,4785900,1531488,0,3254412,15,330062,32%,105620,224442,,COSTA CARIBE,B 208,1 RECAMARA,54,582,"$227,900",32%,"$72,928","$154,972",,,,,,,,,$75,$90,$120,$170,,"$22,190.00","$6,657.00","$3,000.00","$2,272.72",$154.97,6.52%,,,,,,,,,,,,,,,,,,,,,,,,,,,,,,
TULUM,https://static.wixstatic.com/media/5ed051_0f52c268286244ffa9ea7893db4c27a9~mv2.jpg,COSTA CARIBE,B 209,1 RECAMARA,54,582,227900,32%,72928,154972,💰 Cotizar,Forma de pago / Payment plan 1,30%,46492,108480,154972,72928,Forma de pago / Payment plan 2,50%,77486,77486,154972,72928,Forma de pago / Payment plan 3,80%,123978,30994,154972,72928,,,,,,,,,,,,,,,,,,,,,,,182320,Forma de pago / Payment plan,50%,91160,91160,121668,12%,5,2028,,,,,,,21,4785900,1531488,0,3254412,15,330062,32%,105620,224442,,COSTA CARIBE,B 209,1 RECAMARA,54,582,"$227,900",32%,"$72,928","$154,972",,,,,,,,,$75,$90,$120,$170,,"$22,190.00","$6,657.00","$3,000.00","$2,272.72",$154.97,6.52%,,,,,,,,,,,,,,,,,,,,,,,,,,,,,,
TULUM,https://static.wixstatic.com/media/5ed051_8d05375133ec467b8cbfe0bf0d7e8217~mv2.jpg,COSTA CARIBE,B 210,1 RECAMARA,57,609,227900,32%,72928,154972,💰 Cotizar,Forma de pago / Payment plan 1,30%,46492,108480,154972,72928,Forma de pago / Payment plan 2,50%,77486,77486,154972,72928,Forma de pago / Payment plan 3,80%,123978,30994,154972,72928,,,,,,,,,,,,,,,,,,,,,,,182320,Forma de pago / Payment plan,50%,91160,91160,121668,12%,5,2028,,,,,,,21,4785900,1531488,0,3254412,15,330062,32%,105620,224442,,COSTA CARIBE,B 210,1 RECAMARA,57,609,"$227,900",32%,"$72,928","$154,972",,,,,,,,,$75,$90,$120,$170,,"$22,190.00","$6,657.00","$3,000.00","$2,961.85",$154.97,6.08%,,,,,,,,,,,,,,,,,,,,,,,,,,,,,,
TULUM,https://static.wixstatic.com/media/5ed051_d726859c949f4c43baa147e701aa6b7c~mv2.jpg,COSTA CARIBE,B 3,2 RECAMARAS,147,1584,438900,37%,162393,276507,💰 Cotizar,Forma de pago / Payment plan 1,30%,82952,193555,276507,162393,Forma de pago / Payment plan 2,50%,138254,138254,276507,162393,Forma de pago / Payment plan 3,80%,221206,55301,276507,162393,,,,,,,,,,,,,,,,,,,,,,,351120,Forma de pago / Payment plan,50%,175560,175560,234314,12%,5,3905,,,,,,,21,9216906,3410255,0,5806651,15,635649,37%,235190,400459,,COSTA CARIBE,B 3,2 RECAMARAS,147,1584,"$438,900",37%,"$162,393","$276,507",,,,,,,,,$108,$120,$150,$200,,"$28,389.50","$8,516.85","$3,000.00","$6,181.97",$276.51,3.77%,,,,,,,,,,,,,,,,,,,,,,,,,,,,,,
TULUM,https://static.wixstatic.com/media/5ed051_b8007eeb0958473e81968acce767ae5e~mv2.jpg,COSTA CARIBE,B 302,2 RECAMARAS,154,1661,479899,37%,177562,302336,💰 Cotizar,Forma de pago / Payment plan 1,30%,90701,211635,302336,177562,Forma de pago / Payment plan 2,50%,151168,151168,302336,177562,Forma de pago / Payment plan 3,80%,241869,60467,302336,177562,,,,,,,,,,,,,,,,,,,,,,,383919,Forma de pago / Payment plan,50%,191959,191959,256202,12%,5,4270,,,,,,,21,10077871,3728812,0,6349059,15,695026,37%,257159,437866,,COSTA CARIBE,B 302,2 RECAMARAS,154,1661,"$479,899",37%,"$177,562","$302,336",,,,,,,,,$130,$150,$180,$220,,"$33,910.00","$10,173.00","$3,000.00","$6,481.80",$302.34,4.62%,,,,,,,,,,,,,,,,,,,,,,,,,,,,,,
TULUM,https://static.wixstatic.com/media/5ed051_7f37f93f0a2048b5b902bb1409b8c319~mv2.jpg,COSTA CARIBE,B 303,2 RECAMARAS,154,1661,479900,37%,177563,302337,💰 Cotizar,Forma de pago / Payment plan 1,30%,90701,211636,302337,177563,Forma de pago / Payment plan 2,50%,151169,151169,302337,177563,Forma de pago / Payment plan 3,80%,241870,60467,302337,177563,,,,,,,,,,,,,,,,,,,,,,,383920,Forma de pago / Payment plan,50%,191960,191960,256203,12%,5,4270,,,,,,,21,10077908,3728826,0,6349082,15,695028,37%,257160,437868,,COSTA CARIBE,B 303,2 RECAMARAS,154,1661,"$479,900",37%,"$177,563","$302,337",,,,,,,,,$130,$150,$180,$220,,"$33,910.00","$10,173.00","$3,000.00","$6,480.54",$302.34,4.62%,,,,,,,,,,,,,,,,,,,,,,,,,,,,,,
TULUM,https://static.wixstatic.com/media/5ed051_965c95b143034efa9f17747dd57d1731~mv2.jpg,COSTA CARIBE,B 304,2 RECAMARAS,155,1663,479900,37%,177563,302337,💰 Cotizar,Forma de pago / Payment plan 1,30%,90701,211636,302337,177563,Forma de pago / Payment plan 2,50%,151169,151169,302337,177563,Forma de pago / Payment plan 3,80%,241870,60467,302337,177563,,,,,,,,,,,,,,,,,,,,,,,383920,Forma de pago / Payment plan,50%,191960,191960,256203,12%,5,4270,,,,,,,21,10077905,3728825,0,6349080,15,695028,37%,257160,437868,,COSTA CARIBE,B 304,2 RECAMARAS,155,1663,"$479,900",37%,"$177,563","$302,337",,,,,,,,,$130,$150,$180,$220,,"$33,910.00","$10,173.00","$3,000.00","$6,491.47",$302.34,4.61%,,,,,,,,,,,,,,,,,,,,,,,,,,,,,,
TULUM,https://static.wixstatic.com/media/5ed051_4c619113f20c4f35b04e5ed1c390d60c~mv2.jpg,COSTA CARIBE,B 306,2 RECAMARAS,153,1651,479901,37%,177563,302338,💰 Cotizar,Forma de pago / Payment plan 1,30%,90701,211636,302338,177563,Forma de pago / Payment plan 2,50%,151169,151169,302338,177563,Forma de pago / Payment plan 3,80%,241870,60468,302338,177563,,,,,,,,,,,,,,,,,,,,,,,383921,Forma de pago / Payment plan,50%,191960,191960,256203,12%,5,4270,,,,,,,21,10077924,3728832,0,6349092,15,695029,37%,257161,437868,,COSTA CARIBE,B 306,2 RECAMARAS,153,1651,"$479,901",37%,"$177,563","$302,338",,,,,,,,,$130,$150,$180,$220,,"$33,910.00","$10,173.00","$3,000.00","$6,443.59",$302.34,4.63%,,,,,,,,,,,,,,,,,,,,,,,,,,,,,,
TULUM,https://static.wixstatic.com/media/5ed051_69bbeefca9d447548ba03b9dbbc67c96~mv2.jpg,COSTA CARIBE,B 5,2 RECAMARAS,147,1585,438900,37%,162393,276507,💰 Cotizar,Forma de pago / Payment plan 1,30%,82952,193555,276507,162393,Forma de pago / Payment plan 2,50%,138253,138253,276507,162393,Forma de pago / Payment plan 3,80%,221206,55301,276507,162393,,,,,,,,,,,,,,,,,,,,,,,351120,Forma de pago / Payment plan,50%,175560,175560,234314,12%,5,3905,,,,,,,21,9216899,3410253,0,5806646,15,635648,37%,235190,400458,,COSTA CARIBE,B 5,2 RECAMARAS,147,1585,"$438,900",37%,"$162,393","$276,507",,,,,,,,,$108,$120,$150,$200,,"$28,389.50","$8,516.85","$3,000.00","$6,186.58",$276.51,3.76%,,,,,,,,,,,,,,,,,,,,,,,,,,,,,,
TULUM,https://static.wixstatic.com/media/5ed051_17cc1d33a854489abd845cd58b97e0b1~mv2.jpg,COSTA CARIBE,B 6,2 RECAMARAS,135,1453,438900,37%,162393,276507,💰 Cotizar,Forma de pago / Payment plan 1,30%,82952,193555,276507,162393,Forma de pago / Payment plan 2,50%,138253,138253,276507,162393,Forma de pago / Payment plan 3,80%,221205,55301,276507,162393,,,,,,,,,,,,,,,,,,,,,,,351120,Forma de pago / Payment plan,50%,175560,175560,234314,12%,5,3905,,,,,,,21,9216891,3410250,0,5806641,15,635648,37%,235190,400458,,COSTA CARIBE,B 6,2 RECAMARAS,135,1453,"$438,900",37%,"$162,393","$276,507",,,,,,,,,$108,$120,$150,$200,,"$28,389.50","$8,516.85","$3,000.00","$5,670.47",$276.51,3.95%,,,,,,,,,,,,,,,,,,,,,,,,,,,,,,
TULUM,https://static.wixstatic.com/media/5ed051_e03efa568e6e45a1b1acce841e61bd8c~mv2.jpg,COSTA CARIBE,C 1,2 RECAMARAS,135,1451,438900,37%,162393,276507,💰 Cotizar,Forma de pago / Payment plan 1,30%,82952,193555,276507,162393,Forma de pago / Payment plan 2,50%,138253,138253,276507,162393,Forma de pago / Payment plan 3,80%,221205,55301,276507,162393,,,,,,,,,,,,,,,,,,,,,,,351120,Forma de pago / Payment plan,50%,175560,175560,234314,12%,5,3905,,,,,,,21,9216890,3410249,0,5806641,15,635648,37%,235190,400458,,COSTA CARIBE,C 1,2 RECAMARAS,135,1451,"$438,900",37%,"$162,393","$276,507",,,,,,,,,$108,$120,$150,$200,,"$28,389.50","$8,516.85","$3,000.00","$5,664.18",$276.51,3.95%,,,,,,,,,,,,,,,,,,,,,,,,,,,,,,
TULUM,https://static.wixstatic.com/media/5ed051_cc01d314da1d44aa9be0f36abe9d9f37~mv2.jpg,COSTA CARIBE,C 103,1 RECAMARA,63,682,239900,32%,76768,163132,💰 Cotizar,Forma de pago / Payment plan 1,30%,48940,114192,163132,76768,Forma de pago / Payment plan 2,50%,81566,81566,163132,76768,Forma de pago / Payment plan 3,80%,130505,32626,163132,76768,,,,,,,,,,,,,,,,,,,,,,,191920,Forma de pago / Payment plan,50%,95960,95960,128075,12%,5,2135,,,,,,,21,5037896,1612127,0,3425769,15,347441,32%,111181,236260,,COSTA CARIBE,C 103,1 RECAMARA,63,682,"$239,900",32%,"$76,768","$163,132",,,,,,,,,$75,$90,$120,$170,,"$22,190.00","$6,657.00","$3,000.00","$2,661.17",$163.13,5.95%,,,,,,,,,,,,,,,,,,,,,,,,,,,,,,
TULUM,https://static.wixstatic.com/media/5ed051_0e33bbfbadd240ad8ae978b7c4a1453b~mv2.jpg,COSTA CARIBE,C 301,2 RECAMARAS,153,1649,479898,37%,177562,302336,💰 Cotizar,Forma de pago / Payment plan 1,30%,90701,211635,302336,177562,Forma de pago / Payment plan 2,50%,151168,151168,302336,177562,Forma de pago / Payment plan 3,80%,241869,60467,302336,177562,,,,,,,,,,,,,,,,,,,,,,,383919,Forma de pago / Payment plan,50%,191959,191959,256202,12%,5,4270,,,,,,,21,10077867,3728811,0,6349056,15,695025,37%,257159,437866,,COSTA CARIBE,C 301,2 RECAMARAS,153,1649,"$479,898",37%,"$177,562","$302,336",,,,,,,,,$130,$150,$180,$220,,"$33,910.00","$10,173.00","$3,000.00","$6,437.29",$302.34,4.63%,,,,,,,,,,,,,,,,,,,,,,,,,,,,,,
TULUM,https://static.wixstatic.com/media/5ed051_d1af6e4aed2f4bda911493700af34c4b~mv2.jpg,COSTA CARIBE,C 302,2 RECAMARAS,160,1716,479900,37%,177563,302337,💰 Cotizar,Forma de pago / Payment plan 1,30%,90701,211636,302337,177563,Forma de pago / Payment plan 2,50%,151168,151168,302337,177563,Forma de pago / Payment plan 3,80%,241869,60467,302337,177563,,,,,,,,,,,,,,,,,,,,,,,383920,Forma de pago / Payment plan,50%,191960,191960,256202,12%,5,4270,,,,,,,21,10077890,3728819,0,6349070,15,695027,37%,257160,437867,,COSTA CARIBE,C 302,2 RECAMARAS,160,1716,"$479,900",37%,"$177,563","$302,337",,,,,,,,,$130,$150,$180,$220,,"$33,910.00","$10,173.00","$3,000.00","$6,698.91",$302.34,4.54%,,,,,,,,,,,,,,,,,,,,,,,,,,,,,,
TULUM,https://static.wixstatic.com/media/5ed051_a81a237f8c6a44968a6dab0d4e297fba~mv2.jpg,COSTA CARIBE,D 102,1 RECAMARA,60,650,239900,32%,76768,163132,💰 Cotizar,Forma de pago / Payment plan 1,30%,48940,114193,163132,76768,Forma de pago / Payment plan 2,50%,81566,81566,163132,76768,Forma de pago / Payment plan 3,80%,130506,32626,163132,76768,,,,,,,,,,,,,,,,,,,,,,,191920,Forma de pago / Payment plan,50%,95960,95960,128075,12%,5,2135,,,,,,,21,5037906,1612130,0,3425776,15,347442,32%,111181,236260,,COSTA CARIBE,D 102,1 RECAMARA,60,650,"$239,900",32%,"$76,768","$163,132",,,,,,,,,$75,$90,$120,$170,,"$22,190.00","$6,657.00","$3,000.00","$2,537.71",$163.13,6.03%,,,,,,,,,,,,,,,,,,,,,,,,,,,,,,
TULUM,https://static.wixstatic.com/media/5ed051_31f740835a3544c88639208df815de15~mv2.jpg,COSTA CARIBE,D 103,1 RECAMARA,72,779,243900,32%,78048,165852,💰 Cotizar,Forma de pago / Payment plan 1,30%,49756,116097,165852,78048,Forma de pago / Payment plan 2,50%,82926,82926,165852,78048,Forma de pago / Payment plan 3,80%,132682,33170,165852,78048,,,,,,,,,,,,,,,,,,,,,,,195120,Forma de pago / Payment plan,50%,97560,97560,130210,12%,5,2170,,,,,,,21,5121905,1639010,0,3482895,15,353235,32%,113035,240200,,COSTA CARIBE,D 103,1 RECAMARA,72,779,"$243,900",32%,"$78,048","$165,852",,,,,,,,,$75,$90,$120,$170,,"$22,190.00","$6,657.00","$3,000.00","$3,038.70",$165.85,5.62%,,,,,,,,,,,,,,,,,,,,,,,,,,,,,,
TULUM,https://static.wixstatic.com/media/5ed051_0d318a079b6d4c7ab31abc87138aece1~mv2.jpg,COSTA CARIBE,D 202,1 RECAMARA,69,741,243901,32%,78048,165852,💰 Cotizar,Forma de pago / Payment plan 1,30%,49756,116097,165852,78048,Forma de pago / Payment plan 2,50%,82926,82926,165852,78048,Forma de pago / Payment plan 3,80%,132682,33170,165852,78048,,,,,,,,,,,,,,,,,,,,,,,195120,Forma de pago / Payment plan,50%,97560,97560,130210,12%,5,2170,,,,,,,21,5121911,1639012,0,3482899,15,353235,32%,113035,240200,,COSTA CARIBE,D 202,1 RECAMARA,69,741,"$243,901",32%,"$78,048","$165,852",,,,,,,,,$75,$90,$120,$170,,"$22,190.00","$6,657.00","$3,000.00","$2,961.85",$165.85,5.67%,,,,,,,,,,,,,,,,,,,,,,,,,,,,,,
TULUM,https://static.wixstatic.com/media/5ed051_8ad1a9c6e8ac4ba9bc4e10ffa93bab72~mv2.jpg,COSTA CARIBE,D 203,1 RECAMARA,69,747,243900,32%,78048,165852,💰 Cotizar,Forma de pago / Payment plan 1,30%,49756,116096,165852,78048,Forma de pago / Payment plan 2,50%,82926,82926,165852,78048,Forma de pago / Payment plan 3,80%,132682,33170,165852,78048,,,,,,,,,,,,,,,,,,,,,,,195120,Forma de pago / Payment plan,50%,97560,97560,130210,12%,5,2170,,,,,,,21,5121904,1639009,0,3482895,15,353235,32%,113035,240200,,COSTA CARIBE,D 203,1 RECAMARA,69,747,"$243,900",32%,"$78,048","$165,852",,,,,,,,,$75,$90,$120,$170,,"$22,190.00","$6,657.00","$3,000.00","$2,892.14",$165.85,5.71%,,,,,,,,,,,,,,,,,,,,,,,,,,,,,,
TULUM,https://static.wixstatic.com/media/5ed051_6f87feb667fa42cb86f3164a49d35044~mv2.jpg,COSTA CARIBE,D 301,2 RECAMARAS,176,1891,479899,37%,177563,302337,💰 Cotizar,Forma de pago / Payment plan 1,30%,90701,211636,302337,177563,Forma de pago / Payment plan 2,50%,151168,151168,302337,177563,Forma de pago / Payment plan 3,80%,241869,60467,302337,177563,,,,,,,,,,,,,,,,,,,,,,,383920,Forma de pago / Payment plan,50%,191960,191960,256202,12%,5,4270,,,,,,,21,10077888,3728819,0,6349070,15,695027,37%,257160,437867,,COSTA CARIBE,D 301,2 RECAMARAS,176,1891,"$479,899",37%,"$177,563","$302,337",,,,,,,,,$130,$150,$180,$220,,"$33,910.00","$10,173.00","$3,000.00","$7,377.96",$302.34,4.32%,,,,,,,,,,,,,,,,,,,,,,,,,,,,,,
TULUM,https://static.wixstatic.com/media/5ed051_db331d472ef24160af97a87c6d1c62a4~mv2.jpg,COSTA CARIBE,D 302,2 RECAMARAS,161,1731,479901,37%,177563,302337,💰 Cotizar,Forma de pago / Payment plan 1,30%,90701,211636,302337,177563,Forma de pago / Payment plan 2,50%,151169,151169,302337,177563,Forma de pago / Payment plan 3,80%,241870,60467,302337,177563,,,,,,,,,,,,,,,,,,,,,,,383920,Forma de pago / Payment plan,50%,191960,191960,256203,12%,5,4270,,,,,,,21,10077912,3728827,0,6349085,15,695028,37%,257161,437868,,COSTA CARIBE,D 302,2 RECAMARAS,161,1731,"$479,901",37%,"$177,563","$302,337",,,,,,,,,$130,$150,$180,$220,,"$33,910.00","$10,173.00","$3,000.00","$6,754.77",$302.34,4.52%,,,,,,,,,,,,,,,,,,,,,,,,,,,,,,
PLAYA DEL CARMEN,https://static.wixstatic.com/media/5ed051_efd57699c9124d99aae4781c9deed2f8~mv2.jpg,CRUZ CON MAR,102,2 RECAMARAS,122,1313,740512,20%,148102,592409,💰 Cotizar,Forma de pago / Payment plan 1,30%,177723,414687,592409,148102,Forma de pago / Payment plan 2,50%,296205,296205,592409,148102,Forma de pago / Payment plan 3,80%,473927,118482,592409,148102,,,,,,,,,,,,,,,,,,,,,,,,,,,,,,,,,,,,,,21,15550744,3110149,0,12440595,15,1072465,20%,214493,857972,,CRUZ CON MAR,102,2 RECAMARAS,122,1313,"$740,512",20%,"$148,102","$592,409",,,$170,$210,$260,$450,,,,,,,,"$55,530.50","$16,659.15","$3,000.00","$5,273.83",$592.41,5.06%,,,,,,,,,,,,,,,,,,,,,,,,,,,,,,
PLAYA DEL CARMEN,https://static.wixstatic.com/media/5ed051_b604c4001edd45ffa3f638d9a36a9b43~mv2.jpg,CRUZ CON MAR,208,1 RECAMARA,83,893,503791,20%,100758,403033,💰 Cotizar,Forma de pago / Payment plan 1,30%,120910,282123,403033,100758,Forma de pago / Payment plan 2,50%,201516,201516,403033,100758,Forma de pago / Payment plan 3,80%,322426,80607,403033,100758,,,,,,,,,,,,,,,,,,,,,,,,,,,,,,,,,,,,,,21,10579605,2115921,0,8463684,15,729628,20%,145926,583702,,CRUZ CON MAR,208,1 RECAMARA,83,893,"$503,791",20%,"$100,758","$403,033",,,$125,$150,$180,$250,,,,,,,,"$37,932.50","$11,379.75","$3,000.00","$3,750.17",$403.03,4.81%,,,,,,,,,,,,,,,,,,,,,,,,,,,,,,
PLAYA DEL CARMEN,https://static.wixstatic.com/media/5ed051_caa6747d77b04167a56365751ccfaf4a~mv2.jpg,DREAM C,C11,STUDIO,59,631,379900,20%,75980,303920,💰 Cotizar,,,,,,,,,,,,,,,,,,,Forma de pago / Payment plan 1,30%,91176,30392,30392,151960,303920,,Forma de pago / Payment plan 2,50%,147401,29480,29480,88441,294802,11397,Forma de pago / Payment plan 3,80%,230979,57745,288724,18995,,,,,,,,,,,,,,,22,,8357800,1671560,0,6686240,15,576400,20%,115280,461120,,DREAM C,C 11,STUDIO,59,631,"$379,900",20%,"$75,980","$303,920",,,$85,$110,$135,$180,,,,,,,,"$27,737.50","$8,321.25","$3,000.00","$2,832.00",$303.92,4.37%,,,,,,,,,,,,,,,,,,,,,,,,,,,,,,
PLAYA DEL CARMEN,https://static.wixstatic.com/media/5ed051_09dab6379c504d0093a15a90d629cfa9~mv2.jpg,DREAM C,C301,STUDIO,93,999,579900,20%,115980,463920,💰 Cotizar,,,,,,,,,,,,,,,,,,,Forma de pago / Payment plan 1,30%,139176,46392,46392,231960,463920,,Forma de pago / Payment plan 2,50%,225001,45000,45000,135001,450002,17397,Forma de pago / Payment plan 3,80%,352579,88145,440724,28995,,,,,,,,,,,,,,,22,,12757800,2551560,0,10206240,15,879848,20%,175970,703879,,DREAM C,C 301,STUDIO,93,999,"$579,900",20%,"$115,980","$463,920",,,$85,$110,$135,$180,,,,,,,,"$27,737.50","$8,321.25","$3,000.00","$4,464.00",$463.92,2.48%,,,,,,,,,,,,,,,,,,,,,,,,,,,,,,
PLAYA DEL CARMEN,https://static.wixstatic.com/media/5ed051_0410a94132f743c1ba17f467012a408e~mv2.jpg,DREAM C,C304,STUDIO,42,449,329900,20%,65980,263920,💰 Cotizar,,,,,,,,,,,,,,,,,,,Forma de pago / Payment plan 1,30%,79176,26392,26392,131960,263920,,Forma de pago / Payment plan 2,50%,128001,25600,25600,76801,256002,9897,Forma de pago / Payment plan 3,80%,200579,50145,250724,16495,,,,,,,,,,,,,,,22,,7257800,1451560,0,5806240,15,500538,20%,100108,400430,,DREAM C,C 304,STUDIO,42,449,"$329,900",20%,"$65,980","$263,920",,,$85,$110,$135,$180,,,,,,,,"$27,737.50","$8,321.25","$3,000.00","$2,016.00",$263.92,5.36%,,,,,,,,,,,,,,,,,,,,,,,,,,,,,,
PLAYA DEL CARMEN,https://static.wixstatic.com/media/5ed051_fe8c816f41db45d1b337eb1d56014c38~mv2.jpg,DREAM C,C306,STUDIO,38,414,289900,20%,57980,231920,💰 Cotizar,,,,,,,,,,,,,,,,,,,Forma de pago / Payment plan 1,30%,69576,23192,23192,115960,231920,,Forma de pago / Payment plan 2,50%,112481,22496,22496,67489,224962,8697,Forma de pago / Payment plan 3,80%,176259,44065,220324,14495,,,,,,,,,,,,,,,22,,6377800,1275560,0,5102240,15,439848,20%,87970,351879,,DREAM C,C 306,STUDIO,38,414,"$289,900",20%,"$57,980","$231,920",,,$85,$110,$135,$180,,,,,,,,"$27,737.50","$8,321.25","$3,000.00","$1,824.00",$231.92,6.19%,,,,,,,,,,,,,,,,,,,,,,,,,,,,,,
PLAYA DEL CARMEN,https://static.wixstatic.com/media/5ed051_dffe592380394694863d52f1504ab687~mv2.jpg,DREAM C,C4,STUDIO,44,477,309900,20%,61980,247920,💰 Cotizar,,,,,,,,,,,,,,,,,,,Forma de pago / Payment plan 1,30%,74376,24792,24792,123960,247920,,Forma de pago / Payment plan 2,50%,120241,24048,24048,72145,240482,9297,Forma de pago / Payment plan 3,80%,188419,47105,235524,15495,,,,,,,,,,,,,,,22,,6817800,1363560,0,5454240,15,470193,20%,94039,376154,,DREAM C,C 4,STUDIO,44,477,"$309,900",20%,"$61,980","$247,920",,,$85,$110,$135,$180,,,,,,,,"$27,737.50","$8,321.25","$3,000.00","$2,112.00",$247.92,5.67%,,,,,,,,,,,,,,,,,,,,,,,,,,,,,,
PLAYA DEL CARMEN,https://static.wixstatic.com/media/5ed051_1000677530304ab19a7088abb3b6d37b~mv2.jpg,DREAM C,C406,1 RECAMARA,100,1083,639900,20%,127980,511920,💰 Cotizar,,,,,,,,,,,,,,,,,,,Forma de pago / Payment plan 1,30%,153576,51192,51192,255960,511920,,Forma de pago / Payment plan 2,50%,248281,49656,49656,148969,496562,19197,Forma de pago / Payment plan 3,80%,389059,97265,486324,31995,,,,,,,,,,,,,,,22,,14077800,2815560,0,11262240,15,970883,20%,194177,776706,,DREAM C,C 406,2 RECAMARAS,100,1083,"$639,900",20%,"$127,980","$511,920",,,$170,$210,$260,$450,,,,,,,,"$55,530.50","$16,659.15","$3,000.00","$4,800.00",$511.92,5.97%,,,,,,,,,,,,,,,,,,,,,,,,,,,,,,
TULUM,https://static.wixstatic.com/media/5ed051_2fe6c267319247e3918dbdb293c03502~mv2.jpg,GRAN TULUM,C 10,2 RECAMARAS,100,1076,475092,32%,152029,323063,💰 Cotizar,Forma de pago / Payment plan 1,30%,96919,226144,323063,152029,Forma de pago / Payment plan 2,50%,161531,161531,323063,152029,Forma de pago / Payment plan 3,80%,258450,64613,323063,152029,,,,,,,,,,,,,,,,,,,,,,,,,,,,,,,,,,,,,,21,9976932,3192618,0,6784314,15,688064,32%,220181,467884,,GRAN TULUM,C 10,2 RECAMARAS,100,1076,"$475,092",32%,"$152,029","$323,063",,,,,,,,,$108,$120,$150,$200,,"$28,389.50","$8,516.85","$3,000.00","$4,800.00",$323.06,3.64%,,,,,,,,,,,,,,,,,,,,,,,,,,,,,,
TULUM,https://static.wixstatic.com/media/5ed051_776c38f7ef9f4f75a01ddd41837e7d89~mv2.jpg,GRAN TULUM,C 306,3 RECAMARAS,136,1466,611256,32%,195602,415654,💰 Cotizar,Forma de pago / Payment plan 1,30%,124696,290958,415654,195602,Forma de pago / Payment plan 2,50%,207827,207827,415654,195602,Forma de pago / Payment plan 3,80%,332523,83131,415654,195602,,,,,,,,,,,,,,,,,,,,,,,,,,,,,,,,,,,,,,21,12836376,4107640,0,8728736,15,885267,32%,283286,601982,,GRAN TULUM,C 306,3 RECAMARAS,136,1466,"$611,256",32%,"$195,602","$415,654",,,,,,,,,$150,$170,$190,$250,,"$37,750.00","$11,325.00","$3,000.00","$6,528.00",$415.65,3.97%,,,,,,,,,,,,,,,,,,,,,,,,,,,,,,
TULUM,https://static.wixstatic.com/media/5ed051_9c52e5dc84984c28ad5ea20b8f97e329~mv2.jpg,GRAN TULUM,D 303,3 RECAMARAS,136,1466,611256,32%,195602,415654,💰 Cotizar,Forma de pago / Payment plan 1,30%,124696,290958,415654,195602,Forma de pago / Payment plan 2,50%,207827,207827,415654,195602,Forma de pago / Payment plan 3,80%,332523,83131,415654,195602,,,,,,,,,,,,,,,,,,,,,,,,,,,,,,,,,,,,,,21,12836376,4107640,0,8728736,15,885267,32%,283286,601982,,GRAN TULUM,D 303,3 RECAMARAS,136,1466,"$611,256",32%,"$195,602","$415,654",,,,,,,,,$150,$170,$190,$250,,"$37,750.00","$11,325.00","$3,000.00","$6,528.00",$415.65,3.97%,,,,,,,,,,,,,,,,,,,,,,,,,,,,,,
TULUM,https://static.wixstatic.com/media/5ed051_569adce651a9444880be446cdff2034a~mv2.jpg,GRAN TULUM,E 2,2 RECAMARAS,99,1063,475092,32%,152029,323063,💰 Cotizar,Forma de pago / Payment plan 1,30%,96919,226144,323063,152029,Forma de pago / Payment plan 2,50%,161531,161531,323063,152029,Forma de pago / Payment plan 3,80%,258450,64613,323063,152029,,,,,,,,,,,,,,,,,,,,,,,,,,,,,,,,,,,,,,21,9976932,3192618,0,6784314,15,688064,32%,220181,467884,,GRAN TULUM,E 2,2 RECAMARAS,99,1063,"$475,092",32%,"$152,029","$323,063",,,,,,,,,$108,$120,$150,$200,,"$28,389.50","$8,516.85","$3,000.00","$4,752.00",$323.06,3.65%,,,,,,,,,,,,,,,,,,,,,,,,,,,,,,
PLAYA DEL CARMEN,https://static.wixstatic.com/media/5ed051_96a0c0cb13fe44938fdb23f4d5bf76bd~mv2.jpg,IPANA,A 120,2 RECAMARAS,113,1217,530145,24%,127235,402910,💰 Cotizar,Forma de pago / Payment plan 1,30%,120873,282037,402910,127235,Forma de pago / Payment plan 2,50%,201455,201455,402910,127235,Forma de pago / Payment plan 3,80%,322328,80582,402910,127235,,,,,,,,,,,,,,,,,,,,,,,,,,,,,,,,,,,,,,21,11133045,2671931,0,8461114,15,767796,24%,184271,583525,,IPANA,A 120,2 RECAMARAS,113,1217,"$530,145",24%,"$127,235","$402,910",,,$135,$165,$210,$350,,,,,,,,"$44,049.00","$13,214.70","$3,000.00","$4,832.91",$402.91,5.61%,,,,,,,,,,,,,,,,,,,,,,,,,,,,,,
PLAYA DEL CARMEN,https://static.wixstatic.com/media/5ed051_a628fc9d7b264f11aaee1e71844de235~mv2.jpg,IPANA,A 20,2 RECAMARAS,113,1217,524895,24%,125975,398920,💰 Cotizar,Forma de pago / Payment plan 1,30%,119676,279244,398920,125975,Forma de pago / Payment plan 2,50%,199460,199460,398920,125975,Forma de pago / Payment plan 3,80%,319136,79784,398920,125975,,,,,,,,,,,,,,,,,,,,,,,,,,,,,,,,,,,,,,21,11022795,2645471,0,8377324,15,760193,24%,182446,577746,,IPANA,A 20,2 RECAMARAS,113,1217,"$524,895",24%,"$125,975","$398,920",,,$135,$165,$210,$350,,,,,,,,"$44,049.00","$13,214.70","$3,000.00","$4,856.91",$398.92,5.66%,,,,,,,,,,,,,,,,,,,,,,,,,,,,,,
PLAYA DEL CARMEN,https://static.wixstatic.com/media/5ed051_1f1facdc13594a3fa1928939f638672c~mv2.jpg,IPANA,A 210,2 RECAMARAS,90,972,498645,24%,119675,378970,💰 Cotizar,Forma de pago / Payment plan 1,30%,113691,265279,378970,119675,Forma de pago / Payment plan 2,50%,189485,189485,378970,119675,Forma de pago / Payment plan 3,80%,303176,75794,378970,119675,,,,,,,,,,,,,,,,,,,,,,,,,,,,,,,,,,,,,,21,10471545,2513171,0,7958374,15,722176,24%,173322,548853,,IPANA,A 210,2 RECAMARAS,90,972,"$498,645",24%,"$119,675","$378,970",,,$135,$165,$210,$350,,,,,,,,"$44,049.00","$13,214.70","$3,000.00","$3,898.97",$378.97,6.22%,,,,,,,,,,,,,,,,,,,,,,,,,,,,,,
PLAYA DEL CARMEN,https://static.wixstatic.com/media/5ed051_bb4ec7d4d36d4623afd1b4ca3ed7afb6~mv2.jpg,IPANA,A 220,2 RECAMARAS,113,1217,545895,24%,131015,414880,💰 Cotizar,Forma de pago / Payment plan 1,30%,124464,290416,414880,131015,Forma de pago / Payment plan 2,50%,207440,207440,414880,131015,Forma de pago / Payment plan 3,80%,331904,82976,414880,131015,,,,,,,,,,,,,,,,,,,,,,,,,,,,,,,,,,,,,,21,11463795,2751311,0,8712484,15,790607,24%,189746,600861,,IPANA,A 220,2 RECAMARAS,113,1217,"$545,895",24%,"$131,015","$414,880",,,$135,$165,$210,$350,,,,,,,,"$44,049.00","$13,214.70","$3,000.00","$4,832.91",$414.88,5.44%,,,,,,,,,,,,,,,,,,,,,,,,,,,,,,
PLAYA DEL CARMEN,https://static.wixstatic.com/media/5ed051_8ccf42f6ba934001bd0bba04e717c422~mv2.jpg,IPANA,A 318,2 RECAMARAS,84,906,498200,24%,119568,378632,💰 Cotizar,Forma de pago / Payment plan 1,30%,113590,265042,378632,119568,Forma de pago / Payment plan 2,50%,189316,189316,378632,119568,Forma de pago / Payment plan 3,80%,302906,75726,378632,119568,,,,,,,,,,,,,,,,,,,,,,,,,,,,,,,,,,,,,,21,10462200,2510928,0,7951272,15,721531,24%,173167,548364,,IPANA,A 318,2 RECAMARAS,84,906,"$498,200",24%,"$119,568","$378,632",,,$135,$165,$210,$350,,,,,,,,"$44,049.00","$13,214.70","$3,000.00","$3,678.86",$378.63,6.28%,,,,,,,,,,,,,,,,,,,,,,,,,,,,,,
PLAYA DEL CARMEN,https://static.wixstatic.com/media/5ed051_ae89ea50faaa4cb482b3968b123245ac~mv2.jpg,IPANA,A 320,2 RECAMARAS,113,1217,573900,24%,137736,436164,💰 Cotizar,Forma de pago / Payment plan 1,30%,130849,305315,436164,137736,Forma de pago / Payment plan 2,50%,218082,218082,436164,137736,Forma de pago / Payment plan 3,80%,348931,87233,436164,137736,,,,,,,,,,,,,,,,,,,,,,,,,,,,,,,,,,,,,,21,12051900,2892456,0,9159444,15,831166,24%,199480,631686,,IPANA,A 320,2 RECAMARAS,113,1217,"$573,900",24%,"$137,736","$436,164",,,$135,$165,$210,$350,,,,,,,,"$44,049.00","$13,214.70","$3,000.00","$4,832.91",$436.16,5.17%,,,,,,,,,,,,,,,,,,,,,,,,,,,,,,
PLAYA DEL CARMEN,https://static.wixstatic.com/media/5ed051_93eb1e9687ee4f8d822976992909b726~mv2.jpg,IPANA,A 418,2 RECAMARAS,84,906,498200,24%,119568,378632,💰 Cotizar,Forma de pago / Payment plan 1,30%,113590,265042,378632,119568,Forma de pago / Payment plan 2,50%,189316,189316,378632,119568,Forma de pago / Payment plan 3,80%,302906,75726,378632,119568,,,,,,,,,,,,,,,,,,,,,,,,,,,,,,,,,,,,,,21,10462200,2510928,0,7951272,15,721531,24%,173167,548364,,IPANA,A 418,2 RECAMARAS,84,906,"$498,200",24%,"$119,568","$378,632",,,$135,$165,$210,$350,,,,,,,,"$44,049.00","$13,214.70","$3,000.00","$3,678.86",$378.63,6.28%,,,,,,,,,,,,,,,,,,,,,,,,,,,,,,
PLAYA DEL CARMEN,https://static.wixstatic.com/media/5ed051_ff0d6b88d4a94dfea26dc334517a1c73~mv2.jpg,IPANA,A 506,3 RECAMARAS,246,2652,908145,24%,217955,690190,💰 Cotizar,Forma de pago / Payment plan 1,30%,207057,483133,690190,217955,Forma de pago / Payment plan 2,50%,345095,345095,690190,217955,Forma de pago / Payment plan 3,80%,552152,138038,690190,217955,,,,,,,,,,,,,,,,,,,,,,,,,,,,,,,,,,,,,,21,19071045,4577051,0,14493994,15,1315244,24%,315659,999586,,IPANA,A 506,3 RECAMARAS,246,2652,"$908,145",24%,"$217,955","$690,190",,,$190,$260,$320,$550,,,,,,,,"$67,718.50","$20,315.55","$3,000.00","$10,732.80",$690.19,4.78%,,,,,,,,,,,,,,,,,,,,,,,,,,,,,,
PLAYA DEL CARMEN,https://static.wixstatic.com/media/5ed051_9bdcb04fb07242ab9d226d697810ab6a~mv2.jpg,IPANA,A 520,2 RECAMARAS,113,1217,567800,24%,136272,431528,💰 Cotizar,Forma de pago / Payment plan 1,30%,129458,302070,431528,136272,Forma de pago / Payment plan 2,50%,215764,215764,431528,136272,Forma de pago / Payment plan 3,80%,345222,86306,431528,136272,,,,,,,,,,,,,,,,,,,,,,,,,,,,,,,,,,,,,,21,11923800,2861712,0,9062088,15,822331,24%,197359,624972,,IPANA,A 520,2 RECAMARAS,113,1217,"$567,800",24%,"$136,272","$431,528",,,$135,$165,$210,$350,,,,,,,,"$44,049.00","$13,214.70","$3,000.00","$4,832.91",$431.53,5.23%,,,,,,,,,,,,,,,,,,,,,,,,,,,,,,
PLAYA DEL CARMEN,https://static.wixstatic.com/media/5ed051_a786ccca13e7466a95676e042a8a9c56~mv2.jpg,IPANA,B 307,2 RECAMARAS,83,896,492800,24%,118272,374528,💰 Cotizar,Forma de pago / Payment plan 1,30%,112358,262170,374528,118272,Forma de pago / Payment plan 2,50%,187264,187264,374528,118272,Forma de pago / Payment plan 3,80%,299622,74906,374528,118272,,,,,,,,,,,,,,,,,,,,,,,,,,,,,,,,,,,,,,21,10348800,2483712,0,7865088,15,713710,24%,171290,542420,,IPANA,B 307,2 RECAMARAS,83,896,"$492,800",24%,"$118,272","$374,528",,,$135,$165,$210,$350,,,,,,,,"$44,049.00","$13,214.70","$3,000.00","$3,749.49",$374.53,6.33%,,,,,,,,,,,,,,,,,,,,,,,,,,,,,,
PLAYA DEL CARMEN,https://static.wixstatic.com/media/5ed051_53a1db5c475247acb7ecdcf6f1675c50~mv2.jpg,IPANA,B 408,2 RECAMARAS,76,818,476700,24%,114408,362292,💰 Cotizar,Forma de pago / Payment plan 1,30%,108688,253604,362292,114408,Forma de pago / Payment plan 2,50%,181146,181146,362292,114408,Forma de pago / Payment plan 3,80%,289834,72458,362292,114408,,,,,,,,,,,,,,,,,,,,,,,,,,,,,,,,,,,,,,21,10010700,2402568,0,7608132,15,690393,24%,165694,524699,,IPANA,B 408,2 RECAMARAS,76,818,"$476,700",24%,"$114,408","$362,292",,,$135,$165,$210,$350,,,,,,,,"$44,049.00","$13,214.70","$3,000.00","$3,621.26",$362.29,6.58%,,,,,,,,,,,,,,,,,,,,,,,,,,,,,,
PLAYA DEL CARMEN,https://static.wixstatic.com/media/5ed051_5f1157b916f14f4e91c4fc8b3f960163~mv2.jpg,IPANA,B 510,3 RECAMARAS,209,2247,814200,24%,195408,618792,💰 Cotizar,Forma de pago / Payment plan 1,30%,185638,433154,618792,195408,Forma de pago / Payment plan 2,50%,309396,309396,618792,195408,Forma de pago / Payment plan 3,80%,495034,123758,618792,195408,,,,,,,,,,,,,,,,,,,,,,,,,,,,,,,,,,,,,,21,17098200,4103568,0,12994632,15,1179186,24%,283005,896182,,IPANA,B 510,3 RECAMARAS,209,2247,"$814,200",24%,"$195,408","$618,792",,,$190,$260,$320,$550,,,,,,,,"$67,718.50","$20,315.55","$3,000.00","$8,871.77",$618.79,5.64%,,,,,,,,,,,,,,,,,,,,,,,,,,,,,,
PLAYA DEL CARMEN,https://static.wixstatic.com/media/5ed051_302eea794b634b8691e327c304283323~mv2.jpg,IPANA,B 517,2 RECAMARAS,88,948,493395,24%,118415,374980,💰 Cotizar,Forma de pago / Payment plan 1,30%,112494,262486,374980,118415,Forma de pago / Payment plan 2,50%,187490,187490,374980,118415,Forma de pago / Payment plan 3,80%,299984,74996,374980,118415,,,,,,,,,,,,,,,,,,,,,,,,,,,,,,,,,,,,,,21,10361295,2486711,0,7874584,15,714572,24%,171497,543075,,IPANA,B 517,2 RECAMARAS,88,948,"$493,395",24%,"$118,415","$374,980",,,$135,$165,$210,$350,,,,,,,,"$44,049.00","$13,214.70","$3,000.00","$3,811.20",$374.98,6.31%,,,,,,,,,,,,,,,,,,,,,,,,,,,,,,
PLAYA DEL CARMEN,https://static.wixstatic.com/media/5ed051_71f93eb95c674445a13839e1b08115a5~mv2.jpg,IPANA,D 105,2 RECAMARAS,83,888,461895,24%,110855,351040,💰 Cotizar,Forma de pago / Payment plan 1,30%,105312,245728,351040,110855,Forma de pago / Payment plan 2,50%,175520,175520,351040,110855,Forma de pago / Payment plan 3,80%,280832,70208,351040,110855,,,,,,,,,,,,,,,,,,,,,,,,,,,,,,,,,,,,,,21,9699795,2327951,0,7371844,15,668951,24%,160548,508403,,IPANA,D 105,2 RECAMARAS,83,888,"$461,895",24%,"$110,855","$351,040",,,$135,$165,$210,$350,,,,,,,,"$44,049.00","$13,214.70","$3,000.00","$3,668.57",$351.04,6.78%,,,,,,,,,,,,,,,,,,,,,,,,,,,,,,
PLAYA DEL CARMEN,https://static.wixstatic.com/media/5ed051_19240b399d4b4b7fb593355119b3a843~mv2.jpg,IPANA,D 109,2 RECAMARAS,91,983,503895,24%,120935,382960,💰 Cotizar,Forma de pago / Payment plan 1,30%,114888,268072,382960,120935,Forma de pago / Payment plan 2,50%,191480,191480,382960,120935,Forma de pago / Payment plan 3,80%,306368,76592,382960,120935,,,,,,,,,,,,,,,,,,,,,,,,,,,,,,,,,,,,,,21,10581795,2539631,0,8042164,15,729779,24%,175147,554632,,IPANA,D 109,2 RECAMARAS,91,983,"$503,895",24%,"$120,935","$382,960",,,$135,$165,$210,$350,,,,,,,,"$44,049.00","$13,214.70","$3,000.00","$3,945.60",$382.96,6.14%,,,,,,,,,,,,,,,,,,,,,,,,,,,,,,
PLAYA DEL CARMEN,https://static.wixstatic.com/media/5ed051_abaa26a601e342aeb878fa7105ec0720~mv2.jpg,IPANA,D 110,2 RECAMARAS,91,983,503895,24%,120935,382960,💰 Cotizar,Forma de pago / Payment plan 1,30%,114888,268072,382960,120935,Forma de pago / Payment plan 2,50%,191480,191480,382960,120935,Forma de pago / Payment plan 3,80%,306368,76592,382960,120935,,,,,,,,,,,,,,,,,,,,,,,,,,,,,,,,,,,,,,21,10581795,2539631,0,8042164,15,729779,24%,175147,554632,,IPANA,D 110,2 RECAMARAS,91,983,"$503,895",24%,"$120,935","$382,960",,,$135,$165,$210,$350,,,,,,,,"$44,049.00","$13,214.70","$3,000.00","$3,957.94",$382.96,6.13%,,,,,,,,,,,,,,,,,,,,,,,,,,,,,,
PLAYA DEL CARMEN,https://static.wixstatic.com/media/5ed051_f34ab58024c949e4922bd031f183effa~mv2.jpg,IPANA,D 409,2 RECAMARAS,91,983,514395,24%,123455,390940,💰 Cotizar,Forma de pago / Payment plan 1,30%,117282,273658,390940,123455,Forma de pago / Payment plan 2,50%,195470,195470,390940,123455,Forma de pago / Payment plan 3,80%,312752,78188,390940,123455,,,,,,,,,,,,,,,,,,,,,,,,,,,,,,,,,,,,,,21,10802295,2592551,0,8209744,15,744986,24%,178797,566189,,IPANA,D 409,2 RECAMARAS,91,983,"$514,395",24%,"$123,455","$390,940",,,$135,$165,$210,$350,,,,,,,,"$44,049.00","$13,214.70","$3,000.00","$3,945.60",$390.94,6.01%,,,,,,,,,,,,,,,,,,,,,,,,,,,,,,
PLAYA DEL CARMEN,https://static.wixstatic.com/media/5ed051_bba9bcb6c62c435b929e633da3e933ec~mv2.jpg,MARESOL,1,STUDIO,34,365,242371,19.25%,46656,195714,💰 Cotizar,Forma de pago / Payment plan 1,30%,58714,137000,195714,46656,Forma de pago / Payment plan 2,50%,94921,94921,189843,52528,Forma de pago / Payment plan 3,80%,148743,37186,185929,56442,,,,,,,,,,,,,,,,,,,,,,,,,,,,,,,,,,,,,22,,5332157,1026440,0,4305717,15,367735,19%,70789,296946,,MARESOL,1,STUDIO,34,365,"$242,371",19.25%,"$46,656","$195,714",,,$55,$75,$95,$140,,,,,,,,"$19,375.00","$5,812.50","$3,000.00","$1,632.00",$195.71,4.46%,,,,,,,,,,,,,,,,,,,,,,,,,,,,,,
PLAYA DEL CARMEN,https://static.wixstatic.com/media/5ed051_053a94993edf481fa1361e9a57cf4cec~mv2.jpg,MARESOL,2,STUDIO,34,367,243836,19.25%,46938,196898,💰 Cotizar,Forma de pago / Payment plan 1,30%,59069,137828,196898,46938,Forma de pago / Payment plan 2,50%,95495,95495,190991,52845,Forma de pago / Payment plan 3,80%,149642,37411,187053,56783,,,,,,,,,,,,,,,,,,,,,,,,,,,,,,,,,,,,,22,,5364396,1032643,0,4331752,15,369958,19%,71217,298742,,MARESOL,2,STUDIO,34,367,"$243,836",19.25%,"$46,938","$196,898",,,$55,$75,$95,$140,,,,,,,,"$19,375.00","$5,812.50","$3,000.00","$1,632.00",$196.90,4.44%,,,,,,,,,,,,,,,,,,,,,,,,,,,,,,
PLAYA DEL CARMEN,https://static.wixstatic.com/media/5ed051_e0861b10f1d045e0b1e4ce3bd2b0ed56~mv2.jpg,MARESOL,3,STUDIO,35,378,249144,19.25%,47960,201184,💰 Cotizar,Forma de pago / Payment plan 1,30%,60355,140829,201184,47960,Forma de pago / Payment plan 2,50%,97574,97574,195148,53996,Forma de pago / Payment plan 3,80%,152900,38225,191125,58019,,,,,,,,,,,,,,,,,,,,,,,,,,,,,,,,,,,,,22,,5481169,1055126,0,4426043,15,378012,19%,72767,305244,,MARESOL,3,STUDIO,35,378,"$249,144",19.25%,"$47,960","$201,184",,,$55,$75,$95,$140,,,,,,,,"$19,375.00","$5,812.50","$3,000.00","$1,680.00",$201.18,4.32%,,,,,,,,,,,,,,,,,,,,,,,,,,,,,,
PLAYA DEL CARMEN,https://static.wixstatic.com/media/5ed051_344d701d0c234d8890f87c40ea9ffd38~mv2.jpg,MARESOL,4,STUDIO,32,345,231675,19.25%,44597,187078,💰 Cotizar,Forma de pago / Payment plan 1,30%,56123,130954,187078,44597,Forma de pago / Payment plan 2,50%,90733,90733,181465,50210,Forma de pago / Payment plan 3,80%,142179,35545,177724,53951,,,,,,,,,,,,,,,,,,,,,,,,,,,,,,,,,,,,,22,,5096850,981143,0,4115708,15,351507,19%,67665,283842,,MARESOL,4,STUDIO,32,345,"$231,675",19.25%,"$44,597","$187,078",,,$55,$75,$95,$140,,,,,,,,"$19,375.00","$5,812.50","$3,000.00","$1,536.00",$187.08,4.73%,,,,,,,,,,,,,,,,,,,,,,,,,,,,,,
PLAYA DEL CARMEN,https://static.wixstatic.com/media/5ed051_f55ca29d3d9b47f4820b85f23d661093~mv2.jpg,MARESOL,5,STUDIO,31,335,232728,19.25%,44800,187928,💰 Cotizar,Forma de pago / Payment plan 1,30%,56379,131550,187928,44800,Forma de pago / Payment plan 2,50%,91145,91145,182291,50438,Forma de pago / Payment plan 3,80%,142826,35706,178532,54197,,,,,,,,,,,,,,,,,,,,,,,,,,,,,,,,,,,,,22,,5120027,985602,0,4134424,15,353105,19%,67973,285133,,MARESOL,5,STUDIO,31,335,"$232,728",19.25%,"$44,800","$187,928",,,$55,$75,$95,$140,,,,,,,,"$19,375.00","$5,812.50","$3,000.00","$1,488.00",$187.93,4.73%,,,,,,,,,,,,,,,,,,,,,,,,,,,,,,
PLAYA DEL CARMEN,https://static.wixstatic.com/media/5ed051_a712f85f4c904233ac90682971990c6c~mv2.jpg,MARESOL,6,STUDIO,31,335,232728,19.25%,44800,187928,💰 Cotizar,Forma de pago / Payment plan 1,30%,56379,131550,187928,44800,Forma de pago / Payment plan 2,50%,91145,91145,182291,50438,Forma de pago / Payment plan 3,80%,142826,35706,178532,54197,,,,,,,,,,,,,,,,,,,,,,,,,,,,,,,,,,,,,22,,5120027,985602,0,4134424,15,353105,19%,67973,285133,,MARESOL,6,STUDIO,31,335,"$232,728",19.25%,"$44,800","$187,928",,,$55,$75,$95,$140,,,,,,,,"$19,375.00","$5,812.50","$3,000.00","$1,488.00",$187.93,4.73%,,,,,,,,,,,,,,,,,,,,,,,,,,,,,,
PLAYA DEL CARMEN,https://static.wixstatic.com/media/5ed051_427d14aeea2b459281c8cfac4c7b440b~mv2.jpg,MARESOL,7,STUDIO,31,335,232728,19.25%,44800,187928,💰 Cotizar,Forma de pago / Payment plan 1,30%,56379,131550,187928,44800,Forma de pago / Payment plan 2,50%,91145,91145,182291,50438,Forma de pago / Payment plan 3,80%,142826,35706,178532,54197,,,,,,,,,,,,,,,,,,,,,,,,,,,,,,,,,,,,,22,,5120027,985602,0,4134424,15,353105,19%,67973,285133,,MARESOL,7,STUDIO,31,335,"$232,728",19.25%,"$44,800","$187,928",,,$55,$75,$95,$140,,,,,,,,"$19,375.00","$5,812.50","$3,000.00","$1,488.00",$187.93,4.73%,,,,,,,,,,,,,,,,,,,,,,,,,,,,,,
PLAYA DEL CARMEN,https://static.wixstatic.com/media/5ed051_5b0db04fde5d4b25b0fd0486d08157c2~mv2.jpg,MARESOL,8,STUDIO,40,427,273000,19.25%,52553,220448,💰 Cotizar,Forma de pago / Payment plan 1,30%,66134,154313,220448,52553,Forma de pago / Payment plan 2,50%,106917,106917,213834,59166,Forma de pago / Payment plan 3,80%,167540,41885,209425,63575,,,,,,,,,,,,,,,,,,,,,,,,,,,,,,,,,,,,,22,,6006006,1156159,0,4849847,15,414207,19%,79735,334472,,MARESOL,8,STUDIO,40,427,"$273,000",19.25%,"$52,553","$220,448",,,$55,$75,$95,$140,,,,,,,,"$19,375.00","$5,812.50","$3,000.00","$1,920.00",$220.45,3.82%,,,,,,,,,,,,,,,,,,,,,,,,,,,,,,
PLAYA DEL CARMEN,https://static.wixstatic.com/media/5ed051_6cdb8ca3d9854e12b8288aafe964bcf9~mv2.jpg,MARESOL,9,LOFT,84,905,602293,15.00%,90344,511950,💰 Cotizar,Forma de pago / Payment plan 1,30%,153585,358365,511950,90344,Forma de pago / Payment plan 2,50%,248296,248296,496591,105702,Forma de pago / Payment plan 3,80%,389082,97270,486352,115941,,,,,,,,,,,,,,,,,,,,,,,,,,,,,,,,,,,,,22,,13250456,1987563,0,11262893,15,913825,15%,137073,776751,,MARESOL,9,LOFT,84,905,"$602,293",15.00%,"$90,344","$511,950",,,$85,$110,$135,$180,,,,,,,,"$27,737.50","$8,321.25","$3,000.00","$4,032.00",$511.95,2.32%,,,,,,,,,,,,,,,,,,,,,,,,,,,,,,
PLAYA DEL CARMEN,https://static.wixstatic.com/media/5ed051_211a32b8bd10499581dfb156cc4ad4ab~mv2.jpg,MARESOL,10,STUDIO,40,427,205000,19.25%,39463,165538,💰 Cotizar,Forma de pago / Payment plan 1,30%,49661,115876,165538,39463,Forma de pago / Payment plan 2,50%,80286,80286,160571,44429,Forma de pago / Payment plan 3,80%,125809,31452,157261,47739,,,,,,,,,,,,,,,,,,,,,,,,,,,,,,,,,,,,,22,,4510000,868175,0,3641825,15,311034,19%,59874,251160,,MARESOL,10,STUDIO,40,427,"$205,000",19.25%,"$39,463","$165,538",,,$55,$75,$95,$140,,,,,,,,"$19,375.00","$5,812.50","$3,000.00","$1,920.00",$165.54,5.12%,,,,,,,,,,,,,,,,,,,,,,,,,,,,,,
PLAYA DEL CARMEN,https://static.wixstatic.com/media/5ed051_7e0348e0cb894c0c9a03a76096d72a06~mv2.jpg,MARESOL,101,STUDIO,36,390,262934,19.25%,50615,212319,💰 Cotizar,Forma de pago / Payment plan 1,30%,63696,148623,212319,50615,Forma de pago / Payment plan 2,50%,102975,102975,205949,56984,Forma de pago / Payment plan 3,80%,161362,40341,201703,61231,,,,,,,,,,,,,,,,,,,,,,,,,,,,,,,,,,,,,22,,5784538,1113526,0,4671012,15,398934,19%,76795,322139,,MARESOL,101,STUDIO,36,390,"$262,934",19.25%,"$50,615","$212,319",,,$55,$75,$95,$140,,,,,,,,"$19,375.00","$5,812.50","$3,000.00","$1,728.00",$212.32,4.06%,,,,,,,,,,,,,,,,,,,,,,,,,,,,,,
PLAYA DEL CARMEN,https://static.wixstatic.com/media/5ed051_4c8d10e8d8364836912e77b4129dc7f4~mv2.jpg,MARESOL,102,STUDIO,34,365,246398,19.25%,47432,198966,💰 Cotizar,Forma de pago / Payment plan 1,30%,59690,139276,198966,47432,Forma de pago / Payment plan 2,50%,96499,96499,192997,53401,Forma de pago / Payment plan 3,80%,151214,37804,189018,57380,,,,,,,,,,,,,,,,,,,,,,,,,,,,,,,,,,,,,22,,5420749,1043494,0,4377255,15,373845,19%,71965,301880,,MARESOL,102,STUDIO,34,365,"$246,398",19.25%,"$47,432","$198,966",,,$55,$75,$95,$140,,,,,,,,"$19,375.00","$5,812.50","$3,000.00","$1,632.00",$198.97,4.39%,,,,,,,,,,,,,,,,,,,,,,,,,,,,,,
PLAYA DEL CARMEN,https://static.wixstatic.com/media/5ed051_45cdd954ece94a8993e1a7c706751bd8~mv2.jpg,MARESOL,103,STUDIO,34,367,247888,19.25%,47718,200170,💰 Cotizar,Forma de pago / Payment plan 1,30%,60051,140119,200170,47718,Forma de pago / Payment plan 2,50%,97082,97082,194165,53723,Forma de pago / Payment plan 3,80%,152129,38032,190161,57727,,,,,,,,,,,,,,,,,,,,,,,,,,,,,,,,,,,,,22,,5453537,1049803,0,4403734,15,376106,19%,72400,303706,,MARESOL,103,STUDIO,34,367,"$247,888",19.25%,"$47,718","$200,170",,,$55,$75,$95,$140,,,,,,,,"$19,375.00","$5,812.50","$3,000.00","$1,632.00",$200.17,4.36%,,,,,,,,,,,,,,,,,,,,,,,,,,,,,,
PLAYA DEL CARMEN,https://static.wixstatic.com/media/5ed051_cadccad05e834433890c2fe752441db6~mv2.jpg,MARESOL,104,STUDIO,35,378,255411,19.25%,49166,206244,💰 Cotizar,Forma de pago / Payment plan 1,30%,61873,144371,206244,49166,Forma de pago / Payment plan 2,50%,100029,100029,200057,55354,Forma de pago / Payment plan 3,80%,156746,39186,195932,59479,,,,,,,,,,,,,,,,,,,,,,,,,,,,,,,,,,,,,22,,5619038,1081662,0,4537375,15,387520,19%,74597,312922,,MARESOL,104,STUDIO,35,378,"$255,411",19.25%,"$49,166","$206,244",,,$55,$75,$95,$140,,,,,,,,"$19,375.00","$5,812.50","$3,000.00","$1,680.00",$206.24,4.21%,,,,,,,,,,,,,,,,,,,,,,,,,,,,,,
PLAYA DEL CARMEN,https://static.wixstatic.com/media/5ed051_e86f3d0b4fb64f21b44d7d5d632269df~mv2.jpg,MARESOL,105,STUDIO,32,344,234743,19.25%,45188,189555,💰 Cotizar,Forma de pago / Payment plan 1,30%,56866,132688,189555,45188,Forma de pago / Payment plan 2,50%,91934,91934,183868,50874,Forma de pago / Payment plan 3,80%,144062,36015,180077,54666,,,,,,,,,,,,,,,,,,,,,,,,,,,,,,,,,,,,,22,,5164335,994131,0,4170204,15,356161,19%,68561,287600,,MARESOL,105,STUDIO,32,344,"$234,743",19.25%,"$45,188","$189,555",,,$55,$75,$95,$140,,,,,,,,"$19,375.00","$5,812.50","$3,000.00","$1,536.00",$189.55,4.66%,,,,,,,,,,,,,,,,,,,,,,,,,,,,,,
PLAYA DEL CARMEN,https://static.wixstatic.com/media/5ed051_8171e0afb665449b88033a1ccbcc87af~mv2.jpg,MARESOL,106,STUDIO,36,385,266322,23.50%,62586,203736,💰 Cotizar,Forma de pago / Payment plan 1,30%,61121,142615,203736,62586,Forma de pago / Payment plan 2,50%,98812,98812,197624,68698,Forma de pago / Payment plan 3,80%,154840,38710,193549,72772,,,,,,,,,,,,,,,,,,,,,,,,,,,,,,,,,,,,,22,,5859080,1376883,0,4482197,15,404075,23%,94957,309117,,MARESOL,106,STUDIO,36,385,"$266,322",23.50%,"$62,586","$203,736",,,$55,$75,$95,$140,,,,,,,,"$19,375.00","$5,812.50","$3,000.00","$1,728.00",$203.74,4.24%,,,,,,,,,,,,,,,,,,,,,,,,,,,,,,
PLAYA DEL CARMEN,https://static.wixstatic.com/media/5ed051_70e4cc07f6ea479486e3d6b6e53f0cfe~mv2.jpg,MARESOL,107,STUDIO,36,385,266322,23.50%,62586,203736,💰 Cotizar,Forma de pago / Payment plan 1,30%,61121,142615,203736,62586,Forma de pago / Payment plan 2,50%,98812,98812,197624,68698,Forma de pago / Payment plan 3,80%,154840,38710,193549,72772,,,,,,,,,,,,,,,,,,,,,,,,,,,,,,,,,,,,,22,,5859080,1376883,0,4482197,15,404075,23%,94957,309117,,MARESOL,107,STUDIO,36,385,"$266,322",23.50%,"$62,586","$203,736",,,$55,$75,$95,$140,,,,,,,,"$19,375.00","$5,812.50","$3,000.00","$1,728.00",$203.74,4.24%,,,,,,,,,,,,,,,,,,,,,,,,,,,,,,
PLAYA DEL CARMEN,https://static.wixstatic.com/media/5ed051_999ad178cfd641a882d82c936ecf1221~mv2.jpg,MARESOL,108,1 RECAMARA,41,442,304818,19.25%,58678,246141,💰 Cotizar,Forma de pago / Payment plan 1,30%,73842,172299,246141,58678,Forma de pago / Payment plan 2,50%,119378,119378,238757,66062,Forma de pago / Payment plan 3,80%,187067,46767,233834,70985,,,,,,,,,,,,,,,,,,,,,,,,,,,,,,,,,,,,,22,,6706003,1290906,0,5415097,15,462483,19%,89028,373455,,MARESOL,108,1 RECAMARA,41,442,"$304,818",19.25%,"$58,678","$246,141",,,$90,$130,$150,$200,,,,,,,,"$31,416.00","$9,424.80","$3,000.00","$1,968.00",$246.14,6.82%,,,,,,,,,,,,,,,,,,,,,,,,,,,,,,
PLAYA DEL CARMEN,https://static.wixstatic.com/media/5ed051_b7d4933855594de58722deb62f726d0b~mv2.jpg,MARESOL,110,STUDIO,34,367,248101,19.25%,47760,200341,💰 Cotizar,Forma de pago / Payment plan 1,30%,60102,140239,200341,47760,Forma de pago / Payment plan 2,50%,97166,97166,194331,53770,Forma de pago / Payment plan 3,80%,152259,38065,190324,57777,,,,,,,,,,,,,,,,,,,,,,,,,,,,,,,,,,,,,22,,5458221,1050710,0,4407511,15,376429,19%,72463,303966,,MARESOL,110,STUDIO,34,367,"$248,101",19.25%,"$47,760","$200,341",,,$55,$75,$95,$140,,,,,,,,"$19,375.00","$5,812.50","$3,000.00","$1,632.00",$200.34,4.36%,,,,,,,,,,,,,,,,,,,,,,,,,,,,,,
PLAYA DEL CARMEN,https://static.wixstatic.com/media/5ed051_fd539c27227243188c5126df7d4b480f~mv2.jpg,MARESOL,113,STUDIO,31,335,232359,19.25%,44729,187630,💰 Cotizar,Forma de pago / Payment plan 1,30%,56289,131341,187630,44729,Forma de pago / Payment plan 2,50%,91000,91000,182001,50358,Forma de pago / Payment plan 3,80%,142598,35650,178248,54111,,,,,,,,,,,,,,,,,,,,,,,,,,,,,,,,,,,,,22,,5111889,984039,0,4127850,15,352544,19%,67865,284679,,MARESOL,113,STUDIO,31,335,"$232,359",19.25%,"$44,729","$187,630",,,$55,$75,$95,$140,,,,,,,,"$19,375.00","$5,812.50","$3,000.00","$1,488.00",$187.63,4.74%,,,,,,,,,,,,,,,,,,,,,,,,,,,,,,
PLAYA DEL CARMEN,https://static.wixstatic.com/media/5ed051_272c25f19f8d49018e116987a3bbecae~mv2.jpg,MARESOL,114,STUDIO,40,429,276839,19.25%,53291,223547,💰 Cotizar,Forma de pago / Payment plan 1,30%,67064,156483,223547,53291,Forma de pago / Payment plan 2,50%,108421,108421,216841,59998,Forma de pago / Payment plan 3,80%,169896,42474,212370,64469,,,,,,,,,,,,,,,,,,,,,,,,,,,,,,,,,,,,,22,,6090455,1172410,0,4918045,15,420031,19%,80856,339175,,MARESOL,114,STUDIO,40,429,"$276,839",19.25%,"$53,291","$223,547",,,$55,$75,$95,$140,,,,,,,,"$19,375.00","$5,812.50","$3,000.00","$1,920.00",$223.55,3.77%,,,,,,,,,,,,,,,,,,,,,,,,,,,,,,
PLAYA DEL CARMEN,https://static.wixstatic.com/media/5ed051_9effebbfa2a74681b98f9cb1c99088ba~mv2.jpg,MARESOL,201,STUDIO,36,390,262875,19.25%,50603,212272,💰 Cotizar,Forma de pago / Payment plan 1,30%,63682,148590,212272,50603,Forma de pago / Payment plan 2,50%,102952,102952,205904,56972,Forma de pago / Payment plan 3,80%,161327,40332,201658,61217,,,,,,,,,,,,,,,,,,,,,,,,,,,,,,,,,,,,,22,,5783258,1113276,0,4669983,15,398845,19%,76778,322068,,MARESOL,201,STUDIO,36,390,"$262,875",19.25%,"$50,603","$212,272",,,$55,$75,$95,$140,,,,,,,,"$19,375.00","$5,812.50","$3,000.00","$1,728.00",$212.27,4.06%,,,,,,,,,,,,,,,,,,,,,,,,,,,,,,
PLAYA DEL CARMEN,https://static.wixstatic.com/media/5ed051_e546ce518c5b48fbadef54cc76aa8ee1~mv2.jpg,MARESOL,202,STUDIO,34,365,252438,19.25%,48594,203844,💰 Cotizar,Forma de pago / Payment plan 1,30%,61153,142691,203844,48594,Forma de pago / Payment plan 2,50%,98864,98864,197728,54710,Forma de pago / Payment plan 3,80%,154921,38730,193651,58787,,,,,,,,,,,,,,,,,,,,,,,,,,,,,,,,,,,,,22,,5553638,1069079,0,4484559,15,383010,19%,73730,309280,,MARESOL,202,STUDIO,34,365,"$252,438",19.25%,"$48,594","$203,844",,,$55,$75,$95,$140,,,,,,,,"$19,375.00","$5,812.50","$3,000.00","$1,632.00",$203.84,4.28%,,,,,,,,,,,,,,,,,,,,,,,,,,,,,,
PLAYA DEL CARMEN,https://static.wixstatic.com/media/5ed051_4a51ec624c184b70aa798dd04396dab6~mv2.jpg,MARESOL,203,STUDIO,34,367,253966,19.25%,48888,205077,💰 Cotizar,Forma de pago / Payment plan 1,30%,61523,143554,205077,48888,Forma de pago / Payment plan 2,50%,99463,99463,198925,55041,Forma de pago / Payment plan 3,80%,155859,38965,194824,59142,,,,,,,,,,,,,,,,,,,,,,,,,,,,,,,,,,,,,22,,5587249,1075546,0,4511703,15,385328,19%,74176,311152,,MARESOL,203,STUDIO,34,367,"$253,966",19.25%,"$48,888","$205,077",,,$55,$75,$95,$140,,,,,,,,"$19,375.00","$5,812.50","$3,000.00","$1,632.00",$205.08,4.25%,,,,,,,,,,,,,,,,,,,,,,,,,,,,,,
PLAYA DEL CARMEN,https://static.wixstatic.com/media/5ed051_72a34a8b2c1845218b5066ae1b05bbb1~mv2.jpg,MARESOL,204,STUDIO,35,378,260842,19.25%,50212,210630,💰 Cotizar,Forma de pago / Payment plan 1,30%,63189,147441,210630,50212,Forma de pago / Payment plan 2,50%,102155,102155,204311,56531,Forma de pago / Payment plan 3,80%,160079,40020,200098,60744,,,,,,,,,,,,,,,,,,,,,,,,,,,,,,,,,,,,,22,,5738524,1104667,0,4633857,15,395760,19%,76184,319576,,MARESOL,204,STUDIO,35,378,"$260,842",19.25%,"$50,212","$210,630",,,$55,$75,$95,$140,,,,,,,,"$19,375.00","$5,812.50","$3,000.00","$1,680.00",$210.63,4.12%,,,,,,,,,,,,,,,,,,,,,,,,,,,,,,
PLAYA DEL CARMEN,https://static.wixstatic.com/media/5ed051_956cb40c668e491f873117f22ec681db~mv2.jpg,MARESOL,205,STUDIO,32,345,240809,19.25%,46356,194453,💰 Cotizar,Forma de pago / Payment plan 1,30%,58336,136117,194453,46356,Forma de pago / Payment plan 2,50%,94310,94310,188620,52189,Forma de pago / Payment plan 3,80%,147785,36946,184731,56078,,,,,,,,,,,,,,,,,,,,,,,,,,,,,,,,,,,,,22,,5297803,1019826,0,4277977,15,365366,19%,70333,295033,,MARESOL,205,STUDIO,32,345,"$240,809",19.25%,"$46,356","$194,453",,,$55,$75,$95,$140,,,,,,,,"$19,375.00","$5,812.50","$3,000.00","$1,536.00",$194.45,4.54%,,,,,,,,,,,,,,,,,,,,,,,,,,,,,,
PLAYA DEL CARMEN,https://static.wixstatic.com/media/5ed051_1912e3fd0d4a49d7ab323c1459867992~mv2.jpg,MARESOL,206,STUDIO,37,395,274714,23.50%,64558,210157,💰 Cotizar,Forma de pago / Payment plan 1,30%,63047,147110,210157,64558,Forma de pago / Payment plan 2,50%,101926,101926,203852,70863,Forma de pago / Payment plan 3,80%,159719,39930,199649,75066,,,,,,,,,,,,,,,,,,,,,,,,,,,,,,,,,,,,,22,,6043717,1420272,0,4623445,15,416808,23%,97950,318858,,MARESOL,206,STUDIO,37,395,"$274,714",23.50%,"$64,558","$210,157",,,$55,$75,$95,$140,,,,,,,,"$19,375.00","$5,812.50","$3,000.00","$1,776.00",$210.16,4.08%,,,,,,,,,,,,,,,,,,,,,,,,,,,,,,
PLAYA DEL CARMEN,https://static.wixstatic.com/media/5ed051_4cd8f5eba9004a749c86d00a5b1befc8~mv2.jpg,MARESOL,207,STUDIO,37,395,274714,23.50%,64558,210157,💰 Cotizar,Forma de pago / Payment plan 1,30%,63047,147110,210157,64558,Forma de pago / Payment plan 2,50%,101926,101926,203852,70863,Forma de pago / Payment plan 3,80%,159719,39930,199649,75066,,,,,,,,,,,,,,,,,,,,,,,,,,,,,,,,,,,,,22,,6043717,1420272,0,4623445,15,416808,23%,97950,318858,,MARESOL,207,STUDIO,37,395,"$274,714",23.50%,"$64,558","$210,157",,,$55,$75,$95,$140,,,,,,,,"$19,375.00","$5,812.50","$3,000.00","$1,776.00",$210.16,4.08%,,,,,,,,,,,,,,,,,,,,,,,,,,,,,,
PLAYA DEL CARMEN,https://static.wixstatic.com/media/5ed051_deeea19680e64eb7b2c9010dffca227c~mv2.jpg,MARESOL,208,1 RECAMARA,41,442,312146,19.25%,60088,252058,💰 Cotizar,Forma de pago / Payment plan 1,30%,75617,176440,252058,60088,Forma de pago / Payment plan 2,50%,122248,122248,244496,67650,Forma de pago / Payment plan 3,80%,191564,47891,239455,72691,,,,,,,,,,,,,,,,,,,,,,,,,,,,,,,,,,,,,22,,6867202,1321932,0,5545270,15,473600,19%,91168,382432,,MARESOL,208,1 RECAMARA,41,442,"$312,146",19.25%,"$60,088","$252,058",,,$90,$130,$150,$200,,,,,,,,"$31,416.00","$9,424.80","$3,000.00","$1,968.00",$252.06,6.65%,,,,,,,,,,,,,,,,,,,,,,,,,,,,,,
PLAYA DEL CARMEN,https://static.wixstatic.com/media/5ed051_93fb166b12f84fe09d499fc1ec297360~mv2.jpg,MARESOL,209,STUDIO,39,417,275870,23.50%,64829,211041,💰 Cotizar,Forma de pago / Payment plan 1,30%,63312,147728,211041,64829,Forma de pago / Payment plan 2,50%,102355,102355,204709,71161,Forma de pago / Payment plan 3,80%,160391,40098,200489,75381,,,,,,,,,,,,,,,,,,,,,,,,,,,,,,,,,,,,,22,,6069140,1426246,0,4642894,15,418561,23%,98362,320200,,MARESOL,209,STUDIO,39,417,"$275,870",23.50%,"$64,829","$211,041",,,$55,$75,$95,$140,,,,,,,,"$19,375.00","$5,812.50","$3,000.00","$1,872.00",$211.04,4.02%,,,,,,,,,,,,,,,,,,,,,,,,,,,,,,
PLAYA DEL CARMEN,https://static.wixstatic.com/media/5ed051_20b6852f8d0f424ead6e94cbf8a49275~mv2.jpg,MARESOL,210,STUDIO,34,367,254111,19.25%,48916,205195,💰 Cotizar,Forma de pago / Payment plan 1,30%,61558,143636,205195,48916,Forma de pago / Payment plan 2,50%,99520,99520,199039,55072,Forma de pago / Payment plan 3,80%,155948,38987,194935,59176,,,,,,,,,,,,,,,,,,,,,,,,,,,,,,,,,,,,,22,,5590450,1076161,0,4514289,15,385548,19%,74218,311330,,MARESOL,210,STUDIO,34,367,"$254,111",19.25%,"$48,916","$205,195",,,$55,$75,$95,$140,,,,,,,,"$19,375.00","$5,812.50","$3,000.00","$1,632.00",$205.19,4.25%,,,,,,,,,,,,,,,,,,,,,,,,,,,,,,
PLAYA DEL CARMEN,https://static.wixstatic.com/media/5ed051_c23879c5ff254374bdff3c6b9395923a~mv2.jpg,MARESOL,211,STUDIO,31,335,234281,19.25%,45099,189182,💰 Cotizar,Forma de pago / Payment plan 1,30%,56755,132428,189182,45099,Forma de pago / Payment plan 2,50%,91753,91753,183507,50775,Forma de pago / Payment plan 3,80%,143779,35945,179723,54558,,,,,,,,,,,,,,,,,,,,,,,,,,,,,,,,,,,,,22,,5154191,992180,0,4162012,15,355461,19%,68426,287035,,MARESOL,211,STUDIO,31,335,"$234,281",19.25%,"$45,099","$189,182",,,$55,$75,$95,$140,,,,,,,,"$19,375.00","$5,812.50","$3,000.00","$1,488.00",$189.18,4.70%,,,,,,,,,,,,,,,,,,,,,,,,,,,,,,
PLAYA DEL CARMEN,https://static.wixstatic.com/media/5ed051_f0189d7541da4065ac0ee62a0de4d189~mv2.jpg,MARESOL,213,STUDIO,31,335,241606,19.25%,46509,195097,💰 Cotizar,Forma de pago / Payment plan 1,30%,58529,136568,195097,46509,Forma de pago / Payment plan 2,50%,94622,94622,189244,52362,Forma de pago / Payment plan 3,80%,148274,37068,185342,56264,,,,,,,,,,,,,,,,,,,,,,,,,,,,,,,,,,,,,22,,5315333,1023199,0,4292134,15,366575,19%,70565,296009,,MARESOL,213,STUDIO,31,335,"$241,606",19.25%,"$46,509","$195,097",,,$55,$75,$95,$140,,,,,,,,"$19,375.00","$5,812.50","$3,000.00","$1,488.00",$195.10,4.55%,,,,,,,,,,,,,,,,,,,,,,,,,,,,,,
PLAYA DEL CARMEN,https://static.wixstatic.com/media/5ed051_51a2a60c2326412698f217933041ae39~mv2.jpg,MARESOL,214,STUDIO,40,427,292279,19.25%,56264,236015,💰 Cotizar,Forma de pago / Payment plan 1,30%,70805,165211,236015,56264,Forma de pago / Payment plan 2,50%,114467,114467,228935,63344,Forma de pago / Payment plan 3,80%,179372,44843,224214,68064,,,,,,,,,,,,,,,,,,,,,,,,,,,,,,,,,,,,,22,,6430134,1237800,0,5192334,15,443458,19%,85365,358092,,MARESOL,214,STUDIO,40,427,"$292,279",19.25%,"$56,264","$236,015",,,$55,$75,$95,$140,,,,,,,,"$19,375.00","$5,812.50","$3,000.00","$1,920.00",$236.02,3.56%,,,,,,,,,,,,,,,,,,,,,,,,,,,,,,
PLAYA DEL CARMEN,https://static.wixstatic.com/media/5ed051_b860fde338e14c21981497e0df8d92a3~mv2.jpg,MARESOL,301,STUDIO,36,390,269260,19.25%,51833,217428,💰 Cotizar,Forma de pago / Payment plan 1,30%,65228,152199,217428,51833,Forma de pago / Payment plan 2,50%,105452,105452,210905,58355,Forma de pago / Payment plan 3,80%,165245,41311,206556,62704,,,,,,,,,,,,,,,,,,,,,,,,,,,,,,,,,,,,,22,,5923723,1140316,0,4783407,15,408533,19%,78643,329890,,MARESOL,301,STUDIO,36,390,"$269,260",19.25%,"$51,833","$217,428",,,$55,$75,$95,$140,,,,,,,,"$19,375.00","$5,812.50","$3,000.00","$1,728.00",$217.43,3.96%,,,,,,,,,,,,,,,,,,,,,,,,,,,,,,
PLAYA DEL CARMEN,https://static.wixstatic.com/media/5ed051_89ffb1547d0b4ce18f20fdbd497e8920~mv2.jpg,MARESOL,302,STUDIO,34,365,257673,23.50%,60553,197120,💰 Cotizar,Forma de pago / Payment plan 1,30%,59136,137984,197120,60553,Forma de pago / Payment plan 2,50%,95603,95603,191206,66467,Forma de pago / Payment plan 3,80%,149811,37453,187264,70409,,,,,,,,,,,,,,,,,,,,,,,,,,,,,,,,,,,,,22,,5668808,1332172,0,4336636,15,390952,24%,91874,299078,,MARESOL,302,STUDIO,34,365,"$257,673",23.50%,"$60,553","$197,120",,,$55,$75,$95,$140,,,,,,,,"$19,375.00","$5,812.50","$3,000.00","$1,632.00",$197.12,4.43%,,,,,,,,,,,,,,,,,,,,,,,,,,,,,,
PLAYA DEL CARMEN,https://static.wixstatic.com/media/5ed051_ad591bc32e4a41238fb80e1f3121f9cd~mv2.jpg,MARESOL,303,STUDIO,34,367,259233,23.50%,60920,198313,💰 Cotizar,Forma de pago / Payment plan 1,30%,59494,138819,198313,60920,Forma de pago / Payment plan 2,50%,96182,96182,192364,66869,Forma de pago / Payment plan 3,80%,150718,37680,188398,70836,,,,,,,,,,,,,,,,,,,,,,,,,,,,,,,,,,,,,22,,5703133,1340240,0,4362893,15,393320,24%,92430,300889,,MARESOL,303,STUDIO,34,367,"$259,233",23.50%,"$60,920","$198,313",,,$55,$75,$95,$140,,,,,,,,"$19,375.00","$5,812.50","$3,000.00","$1,632.00",$198.31,4.40%,,,,,,,,,,,,,,,,,,,,,,,,,,,,,,
PLAYA DEL CARMEN,https://static.wixstatic.com/media/5ed051_e5fb3f48a6f6417d83b21540c4dfd263~mv2.jpg,MARESOL,304,STUDIO,35,378,267109,23.50%,62770,204338,💰 Cotizar,Forma de pago / Payment plan 1,30%,61301,143037,204338,62770,Forma de pago / Payment plan 2,50%,99104,99104,198208,68901,Forma de pago / Payment plan 3,80%,155297,38824,194121,72987,,,,,,,,,,,,,,,,,,,,,,,,,,,,,,,,,,,,,22,,5876392,1380949,0,4495443,15,405268,23%,95238,310031,,MARESOL,304,STUDIO,35,378,"$267,109",23.50%,"$62,770","$204,338",,,$55,$75,$95,$140,,,,,,,,"$19,375.00","$5,812.50","$3,000.00","$1,680.00",$204.34,4.25%,,,,,,,,,,,,,,,,,,,,,,,,,,,,,,
PLAYA DEL CARMEN,https://static.wixstatic.com/media/5ed051_f806dd7f039a4125991cdeef5bb9a1c5~mv2.jpg,MARESOL,305,STUDIO,32,345,244615,23.50%,57485,187130,💰 Cotizar,Forma de pago / Payment plan 1,30%,56139,130991,187130,57485,Forma de pago / Payment plan 2,50%,90758,90758,181517,63099,Forma de pago / Payment plan 3,80%,142219,35555,177774,66841,,,,,,,,,,,,,,,,,,,,,,,,,,,,,,,,,,,,,22,,5381533,1264663,0,4116870,15,371140,24%,87218,283922,,MARESOL,305,STUDIO,32,345,"$244,615",23.50%,"$57,485","$187,130",,,$55,$75,$95,$140,,,,,,,,"$19,375.00","$5,812.50","$3,000.00","$1,536.00",$187.13,4.72%,,,,,,,,,,,,,,,,,,,,,,,,,,,,,,
PLAYA DEL CARMEN,https://static.wixstatic.com/media/5ed051_5d88a543950a41ba932a55ec696d448d~mv2.jpg,MARESOL,306,STUDIO,36,384,273764,23.50%,64334,209429,💰 Cotizar,Forma de pago / Payment plan 1,30%,62829,146600,209429,64334,Forma de pago / Payment plan 2,50%,101573,101573,203146,70617,Forma de pago / Payment plan 3,80%,159166,39792,198958,74806,,,,,,,,,,,,,,,,,,,,,,,,,,,,,,,,,,,,,22,,6022800,1415356,0,4607444,15,415365,23%,97611,317755,,MARESOL,306,STUDIO,36,384,"$273,764",23.50%,"$64,334","$209,429",,,$55,$75,$95,$140,,,,,,,,"$19,375.00","$5,812.50","$3,000.00","$1,728.00",$209.43,4.12%,,,,,,,,,,,,,,,,,,,,,,,,,,,,,,
PLAYA DEL CARMEN,https://static.wixstatic.com/media/5ed051_c5af083b75b04c569d502511fa3c0478~mv2.jpg,MARESOL,307,STUDIO,36,384,273764,23.50%,64334,209429,💰 Cotizar,Forma de pago / Payment plan 1,30%,62829,146600,209429,64334,Forma de pago / Payment plan 2,50%,101573,101573,203146,70617,Forma de pago / Payment plan 3,80%,159166,39792,198958,74806,,,,,,,,,,,,,,,,,,,,,,,,,,,,,,,,,,,,,22,,6022800,1415356,0,4607444,15,415365,23%,97611,317755,,MARESOL,307,STUDIO,36,384,"$273,764",23.50%,"$64,334","$209,429",,,$55,$75,$95,$140,,,,,,,,"$19,375.00","$5,812.50","$3,000.00","$1,728.00",$209.43,4.12%,,,,,,,,,,,,,,,,,,,,,,,,,,,,,,
PLAYA DEL CARMEN,https://static.wixstatic.com/media/5ed051_68f0d98544104ff0a0e664512c35702b~mv2.jpg,MARESOL,308,1 RECAMARA,41,442,319473,19.25%,61499,257974,💰 Cotizar,Forma de pago / Payment plan 1,30%,77392,180582,257974,61499,Forma de pago / Payment plan 2,50%,125118,125118,250235,69238,Forma de pago / Payment plan 3,80%,196060,49015,245076,74397,,,,,,,,,,,,,,,,,,,,,,,,,,,,,,,,,,,,,22,,7028402,1352968,0,5675434,15,484717,19%,93308,391409,,MARESOL,308,1 RECAMARA,41,442,"$319,473",19.25%,"$61,499","$257,974",,,$90,$130,$150,$200,,,,,,,,"$31,416.00","$9,424.80","$3,000.00","$1,968.00",$257.97,6.50%,,,,,,,,,,,,,,,,,,,,,,,,,,,,,,
PLAYA DEL CARMEN,https://static.wixstatic.com/media/5ed051_1ed3b6e0a8c143d190a93dd51f1ccd4d~mv2.jpg,MARESOL,309,STUDIO,31,335,239757,19.25%,46153,193603,💰 Cotizar,Forma de pago / Payment plan 1,30%,58081,135522,193603,46153,Forma de pago / Payment plan 2,50%,93898,93898,187795,51961,Forma de pago / Payment plan 3,80%,147139,36785,183923,55833,,,,,,,,,,,,,,,,,,,,,,,,,,,,,,,,,,,,,22,,5274644,1015370,0,4259274,15,363769,19%,70025,293743,,MARESOL,309,STUDIO,31,335,"$239,757",19.25%,"$46,153","$193,603",,,$55,$75,$95,$140,,,,,,,,"$19,375.00","$5,812.50","$3,000.00","$1,488.00",$193.60,4.59%,,,,,,,,,,,,,,,,,,,,,,,,,,,,,,
PLAYA DEL CARMEN,https://static.wixstatic.com/media/5ed051_064139c9991f4f20931a08f0f9d15db6~mv2.jpg,MARESOL,310,STUDIO,31,335,245305,19.25%,47221,198084,💰 Cotizar,Forma de pago / Payment plan 1,30%,59425,138659,198084,47221,Forma de pago / Payment plan 2,50%,96071,96071,192141,53164,Forma de pago / Payment plan 3,80%,150544,37636,188180,57125,,,,,,,,,,,,,,,,,,,,,,,,,,,,,,,,,,,,,22,,5396710,1038864,0,4357846,15,372187,19%,71646,300541,,MARESOL,310,STUDIO,31,335,"$245,305",19.25%,"$47,221","$198,084",,,$55,$75,$95,$140,,,,,,,,"$19,375.00","$5,812.50","$3,000.00","$1,488.00",$198.08,4.48%,,,,,,,,,,,,,,,,,,,,,,,,,,,,,,
PLAYA DEL CARMEN,https://static.wixstatic.com/media/5ed051_460cbd4a041f4988974b42ac8361c09c~mv2.jpg,MARESOL,311,STUDIO,31,335,245305,19.25%,47221,198084,💰 Cotizar,Forma de pago / Payment plan 1,30%,59425,138659,198084,47221,Forma de pago / Payment plan 2,50%,96071,96071,192141,53164,Forma de pago / Payment plan 3,80%,150544,37636,188180,57125,,,,,,,,,,,,,,,,,,,,,,,,,,,,,,,,,,,,,22,,5396710,1038864,0,4357846,15,372187,19%,71646,300541,,MARESOL,311,STUDIO,31,335,"$245,305",19.25%,"$47,221","$198,084",,,$55,$75,$95,$140,,,,,,,,"$19,375.00","$5,812.50","$3,000.00","$1,488.00",$198.08,4.48%,,,,,,,,,,,,,,,,,,,,,,,,,,,,,,
PLAYA DEL CARMEN,https://static.wixstatic.com/media/5ed051_cfedc02dc1c34976bc0a3685c68d908d~mv2.jpg,MARESOL,312,STUDIO,48,518,357393,23.50%,83987,273406,💰 Cotizar,Forma de pago / Payment plan 1,30%,82022,191384,273406,83987,Forma de pago / Payment plan 2,50%,132602,132602,265204,92190,Forma de pago / Payment plan 3,80%,207788,51947,259736,97658,,,,,,,,,,,,,,,,,,,,,,,,,,,,,,,,,,,,,22,,7862652,1847725,0,6014928,15,542252,24%,127429,414823,,MARESOL,312,STUDIO,48,518,"$357,393",23.50%,"$83,987","$273,406",,,$55,$75,$95,$140,,,,,,,,"$19,375.00","$5,812.50","$3,000.00","$2,304.00",$273.41,2.92%,,,,,,,,,,,,,,,,,,,,,,,,,,,,,,
PLAYA DEL CARMEN,https://static.wixstatic.com/media/5ed051_6dc5e077cd514529bb7900d8d9ccb414~mv2.jpg,MARESOL,401,STUDIO,36,390,275285,19.25%,52992,222293,💰 Cotizar,Forma de pago / Payment plan 1,30%,66688,155605,222293,52992,Forma de pago / Payment plan 2,50%,107812,107812,215624,59661,Forma de pago / Payment plan 3,80%,168943,42236,211178,64107,,,,,,,,,,,,,,,,,,,,,,,,,,,,,,,,,,,,,22,,6056280,1165833,0,4890446,15,417674,19%,80402,337272,,MARESOL,401,STUDIO,36,390,"$275,285",19.25%,"$52,992","$222,293",,,$55,$75,$95,$140,,,,,,,,"$19,375.00","$5,812.50","$3,000.00","$1,728.00",$222.29,3.87%,,,,,,,,,,,,,,,,,,,,,,,,,,,,,,
PLAYA DEL CARMEN,https://static.wixstatic.com/media/5ed051_b5b31b1d5c4e40ba9cfa0dad8467af39~mv2.jpg,MARESOL,402,STUDIO,34,365,263713,23.50%,61973,201741,💰 Cotizar,Forma de pago / Payment plan 1,30%,60522,141219,201741,61973,Forma de pago / Payment plan 2,50%,97844,97844,195689,68025,Forma de pago / Payment plan 3,80%,153323,38331,191654,72060,,,,,,,,,,,,,,,,,,,,,,,,,,,,,,,,,,,,,22,,5801697,1363401,0,4438296,15,400117,24%,94028,306089,,MARESOL,402,STUDIO,34,365,"$263,713",23.50%,"$61,973","$201,741",,,$55,$75,$95,$140,,,,,,,,"$19,375.00","$5,812.50","$3,000.00","$1,632.00",$201.74,4.33%,,,,,,,,,,,,,,,,,,,,,,,,,,,,,,
PLAYA DEL CARMEN,https://static.wixstatic.com/media/5ed051_9557743c3acb47039489d56e0a0ab431~mv2.jpg,MARESOL,403,STUDIO,34,367,265311,23.50%,62348,202963,💰 Cotizar,Forma de pago / Payment plan 1,30%,60889,142074,202963,62348,Forma de pago / Payment plan 2,50%,98437,98437,196874,68437,Forma de pago / Payment plan 3,80%,154252,38563,192815,72496,,,,,,,,,,,,,,,,,,,,,,,,,,,,,,,,,,,,,22,,5836845,1371662,0,4465183,15,402541,24%,94597,307944,,MARESOL,403,STUDIO,34,367,"$265,311",23.50%,"$62,348","$202,963",,,$55,$75,$95,$140,,,,,,,,"$19,375.00","$5,812.50","$3,000.00","$1,632.00",$202.96,4.30%,,,,,,,,,,,,,,,,,,,,,,,,,,,,,,
PLAYA DEL CARMEN,https://static.wixstatic.com/media/5ed051_3e02a80f67a3422f833e8b00ebc9efff~mv2.jpg,MARESOL,404,STUDIO,35,378,267819,23.50%,62937,204882,💰 Cotizar,Forma de pago / Payment plan 1,30%,61464,143417,204882,62937,Forma de pago / Payment plan 2,50%,99368,99368,198735,69084,Forma de pago / Payment plan 3,80%,155710,38927,194637,73182,,,,,,,,,,,,,,,,,,,,,,,,,,,,,,,,,,,,,22,,5892017,1384624,0,4507394,15,406346,23%,95491,310855,,MARESOL,404,STUDIO,35,378,"$267,819",23.50%,"$62,937","$204,882",,,$55,$75,$95,$140,,,,,,,,"$19,375.00","$5,812.50","$3,000.00","$1,680.00",$204.88,4.24%,,,,,,,,,,,,,,,,,,,,,,,,,,,,,,
PLAYA DEL CARMEN,https://static.wixstatic.com/media/5ed051_f6fa91a7b77344188652bcde6e9cd410~mv2.jpg,MARESOL,405,STUDIO,32,345,250248,23.50%,58808,191440,💰 Cotizar,Forma de pago / Payment plan 1,30%,57432,134008,191440,58808,Forma de pago / Payment plan 2,50%,92848,92848,185696,64551,Forma de pago / Payment plan 3,80%,145494,36374,181868,68380,,,,,,,,,,,,,,,,,,,,,,,,,,,,,,,,,,,,,22,,5505449,1293779,0,4211671,15,379686,23%,89226,290460,,MARESOL,405,STUDIO,32,345,"$250,248",23.50%,"$58,808","$191,440",,,$55,$75,$95,$140,,,,,,,,"$19,375.00","$5,812.50","$3,000.00","$1,536.00",$191.44,4.62%,,,,,,,,,,,,,,,,,,,,,,,,,,,,,,
PLAYA DEL CARMEN,https://static.wixstatic.com/media/5ed051_a724e43fbf4c41ac9b653d7924793ca7~mv2.jpg,MARESOL,406,STUDIO,36,384,276056,23.50%,64873,211183,💰 Cotizar,Forma de pago / Payment plan 1,30%,63355,147828,211183,64873,Forma de pago / Payment plan 2,50%,102424,102424,204847,71209,Forma de pago / Payment plan 3,80%,160499,40125,200624,75432,,,,,,,,,,,,,,,,,,,,,,,,,,,,,,,,,,,,,22,,6073237,1427213,0,4646023,15,418844,24%,98429,320415,,MARESOL,406,STUDIO,36,384,"$276,056",23.50%,"$64,873","$211,183",,,$55,$75,$95,$140,,,,,,,,"$19,375.00","$5,812.50","$3,000.00","$1,728.00",$211.18,4.08%,,,,,,,,,,,,,,,,,,,,,,,,,,,,,,
PLAYA DEL CARMEN,https://static.wixstatic.com/media/5ed051_55e2e42b95dc4fbe97a78b232a638d3e~mv2.jpg,MARESOL,407,STUDIO,36,385,276132,23.50%,64891,211241,💰 Cotizar,Forma de pago / Payment plan 1,30%,63372,147869,211241,64891,Forma de pago / Payment plan 2,50%,102452,102452,204904,71228,Forma de pago / Payment plan 3,80%,160543,40136,200679,75453,,,,,,,,,,,,,,,,,,,,,,,,,,,,,,,,,,,,,22,,6074900,1427600,0,4647300,15,418959,23%,98455,320503,,MARESOL,407,STUDIO,36,385,"$276,132",23.50%,"$64,891","$211,241",,,$55,$75,$95,$140,,,,,,,,"$19,375.00","$5,812.50","$3,000.00","$1,728.00",$211.24,4.08%,,,,,,,,,,,,,,,,,,,,,,,,,,,,,,
PLAYA DEL CARMEN,https://static.wixstatic.com/media/5ed051_20659d2e6c0b4d0f8419e47533c87bb4~mv2.jpg,MARESOL,408,1 RECAMARA,48,519,378023,19.25%,72769,305254,💰 Cotizar,Forma de pago / Payment plan 1,30%,91576,213678,305254,72769,Forma de pago / Payment plan 2,50%,148048,148048,296096,81927,Forma de pago / Payment plan 3,80%,231993,57998,289991,88032,,,,,,,,,,,,,,,,,,,,,,,,,,,,,,,,,,,,,22,,8316511,1600923,0,6715587,15,573552,19%,110408,463144,,MARESOL,408,1 RECAMARA,48,519,"$378,023",19.25%,"$72,769","$305,254",,,$90,$130,$150,$200,,,,,,,,"$31,416.00","$9,424.80","$3,000.00","$2,304.00",$305.25,5.37%,,,,,,,,,,,,,,,,,,,,,,,,,,,,,,
PLAYA DEL CARMEN,https://static.wixstatic.com/media/5ed051_76ce0f304da943628c07c5809a9a69ce~mv2.jpg,MARESOL,409,STUDIO,31,335,243456,19.25%,46865,196590,💰 Cotizar,Forma de pago / Payment plan 1,30%,58977,137613,196590,46865,Forma de pago / Payment plan 2,50%,95346,95346,190693,52763,Forma de pago / Payment plan 3,80%,149409,37352,186761,56695,,,,,,,,,,,,,,,,,,,,,,,,,,,,,,,,,,,,,22,,5356022,1031035,0,4324987,15,369381,19%,71106,298275,,MARESOL,409,STUDIO,31,335,"$243,456",19.25%,"$46,865","$196,590",,,$55,$75,$95,$140,,,,,,,,"$19,375.00","$5,812.50","$3,000.00","$1,488.00",$196.59,4.52%,,,,,,,,,,,,,,,,,,,,,,,,,,,,,,
PLAYA DEL CARMEN,https://static.wixstatic.com/media/5ed051_9b7aaf647a9941939b69372fa19a033b~mv2.jpg,MARESOL,412,STUDIO,46,490,346439,23.50%,81413,265026,💰 Cotizar,Forma de pago / Payment plan 1,30%,79508,185518,265026,81413,Forma de pago / Payment plan 2,50%,128537,128537,257075,89364,Forma de pago / Payment plan 3,80%,201420,50355,251774,94665,,,,,,,,,,,,,,,,,,,,,,,,,,,,,,,,,,,,,22,,7621659,1791094,0,5830565,15,525632,24%,123524,402108,,MARESOL,412,STUDIO,46,490,"$346,439",23.50%,"$81,413","$265,026",,,$55,$75,$95,$140,,,,,,,,"$19,375.00","$5,812.50","$3,000.00","$2,208.00",$265.03,3.05%,,,,,,,,,,,,,,,,,,,,,,,,,,,,,,
PLAYA DEL CARMEN,https://static.wixstatic.com/media/5ed051_418e97bfe6324f4a916a33a0e33d77d8~mv2.jpg,MARESOL,502,STUDIO,34,365,264398,23.50%,62133,202265,💰 Cotizar,Forma de pago / Payment plan 1,30%,60679,141585,202265,62133,Forma de pago / Payment plan 2,50%,98098,98098,196197,68201,Forma de pago / Payment plan 3,80%,153721,38430,192151,72247,,,,,,,,,,,,,,,,,,,,,,,,,,,,,,,,,,,,,22,,5816757,1366935,0,4449823,15,401156,23%,94271,306884,,MARESOL,502,STUDIO,34,365,"$264,398",23.50%,"$62,133","$202,265",,,$55,$75,$95,$140,,,,,,,,"$19,375.00","$5,812.50","$3,000.00","$1,632.00",$202.26,4.32%,,,,,,,,,,,,,,,,,,,,,,,,,,,,,,
PLAYA DEL CARMEN,https://static.wixstatic.com/media/5ed051_9f9d77af008445ca9af25468a942b7fb~mv2.jpg,MARESOL,503,STUDIO,34,367,266000,23.50%,62510,203490,💰 Cotizar,Forma de pago / Payment plan 1,30%,61047,142443,203490,62510,Forma de pago / Payment plan 2,50%,98693,98693,197385,68615,Forma de pago / Payment plan 3,80%,154652,38663,193316,72684,,,,,,,,,,,,,,,,,,,,,,,,,,,,,,,,,,,,,22,,5851999,1375218,0,4476781,15,403586,23%,94843,308744,,MARESOL,503,STUDIO,34,367,"$266,000",23.50%,"$62,510","$203,490",,,$55,$75,$95,$140,,,,,,,,"$19,375.00","$5,812.50","$3,000.00","$1,632.00",$203.49,4.29%,,,,,,,,,,,,,,,,,,,,,,,,,,,,,,
PLAYA DEL CARMEN,https://static.wixstatic.com/media/5ed051_f93a911bbc18462e975f7f344b512da5~mv2.jpg,MARESOL,504,STUDIO,35,378,273592,23.50%,64294,209298,💰 Cotizar,Forma de pago / Payment plan 1,30%,62789,146509,209298,64294,Forma de pago / Payment plan 2,50%,101509,101509,203019,70573,Forma de pago / Payment plan 3,80%,159066,39767,198833,74759,,,,,,,,,,,,,,,,,,,,,,,,,,,,,,,,,,,,,22,,6019019,1414466,0,4604553,15,415105,23%,97549,317555,,MARESOL,504,STUDIO,35,378,"$273,592",23.50%,"$64,294","$209,298",,,$55,$75,$95,$140,,,,,,,,"$19,375.00","$5,812.50","$3,000.00","$1,680.00",$209.30,4.14%,,,,,,,,,,,,,,,,,,,,,,,,,,,,,,
PLAYA DEL CARMEN,https://static.wixstatic.com/media/5ed051_d3725d7d7a784623b0f909726fae3b13~mv2.jpg,MARESOL,505,STUDIO,32,345,256033,23.50%,60168,195865,💰 Cotizar,Forma de pago / Payment plan 1,30%,58760,137106,195865,60168,Forma de pago / Payment plan 2,50%,94995,94995,189989,66044,Forma de pago / Payment plan 3,80%,148857,37214,186072,69961,,,,,,,,,,,,,,,,,,,,,,,,,,,,,,,,,,,,,22,,5632723,1323692,0,4309031,15,388464,24%,91289,297175,,MARESOL,505,STUDIO,32,345,"$256,033",23.50%,"$60,168","$195,865",,,$55,$75,$95,$140,,,,,,,,"$19,375.00","$5,812.50","$3,000.00","$1,536.00",$195.87,4.51%,,,,,,,,,,,,,,,,,,,,,,,,,,,,,,
PLAYA DEL CARMEN,https://static.wixstatic.com/media/5ed051_e26c08cf88994628a179792b49d9f3d7~mv2.jpg,MARESOL,506,STUDIO,36,384,282425,23.50%,66370,216055,💰 Cotizar,Forma de pago / Payment plan 1,30%,64816,151238,216055,66370,Forma de pago / Payment plan 2,50%,104787,104787,209573,72852,Forma de pago / Payment plan 3,80%,164202,41050,205252,77173,,,,,,,,,,,,,,,,,,,,,,,,,,,,,,,,,,,,,22,,6213340,1460138,0,4753203,15,428506,24%,100699,327807,,MARESOL,506,STUDIO,36,384,"$282,425",23.50%,"$66,370","$216,055",,,$55,$75,$95,$140,,,,,,,,"$19,375.00","$5,812.50","$3,000.00","$1,728.00",$216.05,3.99%,,,,,,,,,,,,,,,,,,,,,,,,,,,,,,
PLAYA DEL CARMEN,https://static.wixstatic.com/media/5ed051_c4dcbba432d54782960918f5bd420edf~mv2.jpg,MARESOL,507,STUDIO,36,384,282425,23.50%,66370,216055,💰 Cotizar,Forma de pago / Payment plan 1,30%,64816,151238,216055,66370,Forma de pago / Payment plan 2,50%,104787,104787,209573,72852,Forma de pago / Payment plan 3,80%,164202,41050,205252,77173,,,,,,,,,,,,,,,,,,,,,,,,,,,,,,,,,,,,,22,,6213340,1460138,0,4753203,15,428506,24%,100699,327807,,MARESOL,507,STUDIO,36,384,"$282,425",23.50%,"$66,370","$216,055",,,$55,$75,$95,$140,,,,,,,,"$19,375.00","$5,812.50","$3,000.00","$1,728.00",$216.05,3.99%,,,,,,,,,,,,,,,,,,,,,,,,,,,,,,
PLAYA DEL CARMEN,https://static.wixstatic.com/media/5ed051_22114e6715274c90a3260bc95159cd9d~mv2.jpg,MARESOL,509,STUDIO,31,335,249004,19.25%,47933,201071,💰 Cotizar,Forma de pago / Payment plan 1,30%,60321,140750,201071,47933,Forma de pago / Payment plan 2,50%,97519,97519,195039,53965,Forma de pago / Payment plan 3,80%,152814,38203,191017,57987,,,,,,,,,,,,,,,,,,,,,,,,,,,,,,,,,,,,,22,,5478088,1054529,0,4423559,15,377799,19%,72726,305073,,MARESOL,509,STUDIO,31,335,"$249,004",19.25%,"$47,933","$201,071",,,$55,$75,$95,$140,,,,,,,,"$19,375.00","$5,812.50","$3,000.00","$1,488.00",$201.07,4.41%,,,,,,,,,,,,,,,,,,,,,,,,,,,,,,
PLAYA DEL CARMEN,https://static.wixstatic.com/media/5ed051_8f3010f0a86c4793befc016e101387de~mv2.jpg,MARESOL,510,STUDIO,31,335,255662,19.25%,49215,206447,💰 Cotizar,Forma de pago / Payment plan 1,30%,61934,144513,206447,49215,Forma de pago / Payment plan 2,50%,100127,100127,200254,55408,Forma de pago / Payment plan 3,80%,156900,39225,196125,59537,,,,,,,,,,,,,,,,,,,,,,,,,,,,,,,,,,,,,22,,5624567,1082726,0,4541841,15,387901,19%,74671,313230,,MARESOL,510,STUDIO,31,335,"$255,662",19.25%,"$49,215","$206,447",,,$55,$75,$95,$140,,,,,,,,"$19,375.00","$5,812.50","$3,000.00","$1,488.00",$206.45,4.30%,,,,,,,,,,,,,,,,,,,,,,,,,,,,,,
PLAYA DEL CARMEN,https://static.wixstatic.com/media/5ed051_31591329934341a0b8c087f578c937ab~mv2.jpg,MARESOL,511,STUDIO,31,335,255662,19.25%,49215,206447,💰 Cotizar,Forma de pago / Payment plan 1,30%,61934,144513,206447,49215,Forma de pago / Payment plan 2,50%,100127,100127,200254,55408,Forma de pago / Payment plan 3,80%,156900,39225,196125,59537,,,,,,,,,,,,,,,,,,,,,,,,,,,,,,,,,,,,,22,,5624567,1082726,0,4541841,15,387901,19%,74671,313230,,MARESOL,511,STUDIO,31,335,"$255,662",19.25%,"$49,215","$206,447",,,$55,$75,$95,$140,,,,,,,,"$19,375.00","$5,812.50","$3,000.00","$1,488.00",$206.45,4.30%,,,,,,,,,,,,,,,,,,,,,,,,,,,,,,
PLAYA DEL CARMEN,https://static.wixstatic.com/media/5ed051_d13956cb1a30425a8ea841efb09a9123~mv2.jpg,MARESOL,512,STUDIO,46,490,354551,23.50%,83320,271231,💰 Cotizar,Forma de pago / Payment plan 1,30%,81369,189862,271231,83320,Forma de pago / Payment plan 2,50%,131547,131547,263094,91457,Forma de pago / Payment plan 3,80%,206136,51534,257669,96881,,,,,,,,,,,,,,,,,,,,,,,,,,,,,,,,,,,,,22,,7800112,1833031,0,5967081,15,537939,24%,126416,411523,,MARESOL,512,STUDIO,46,490,"$354,551",23.50%,"$83,320","$271,231",,,$55,$75,$95,$140,,,,,,,,"$19,375.00","$5,812.50","$3,000.00","$2,208.00",$271.23,2.98%,,,,,,,,,,,,,,,,,,,,,,,,,,,,,,
PLAYA DEL CARMEN,https://static.wixstatic.com/media/5ed051_827b9267aeb347db84bcaa6fb483418c~mv2.jpg,MARILA,A 101,3 RECAMARAS,282,3034,1644621,15%,246693,1397928,💰 Cotizar,Forma de pago / Payment plan 1,30%,419378,978549,1397928,246693,Forma de pago / Payment plan 2,50%,698964,698964,1397928,246693,Forma de pago / Payment plan 3,80%,1118342,279586,1397928,246693,,,,,,,,,,,,,,,,,,,,,,,,,,,,,,,,,,,,,,21,34537041,5180556,0,29356485,15,2381865,15%,357280,2024585,,MARILA,A 101,3 RECAMARAS,282,3034,"$1,644,621",15%,"$246,693","$1,397,928",,,$250,$350,$450,$700,,,,,,,,"$91,615.00","$27,484.50","$3,000.00","$10,562.74","$1,397.93",3.52%,,,,,,,,,,,,,,,,,,,,,,,,,,,,,,
PLAYA DEL CARMEN,https://static.wixstatic.com/media/5ed051_b6b6eb23e3034c4e9ca05686f3e0b901~mv2.jpg,MARILA,A 107,1 RECAMARA,63,676,411209,15%,61681,349528,💰 Cotizar,Forma de pago / Payment plan 1,30%,104858,244669,349528,61681,Forma de pago / Payment plan 2,50%,174764,174764,349528,61681,Forma de pago / Payment plan 3,80%,279622,69906,349528,61681,,,,,,,,,,,,,,,,,,,,,,,,,,,,,,,,,,,,,,21,8635387,1295308,0,7340079,15,595544,15%,89332,506212,,MARILA,A 107,1 RECAMARA,63,676,"$411,209",15%,"$61,681","$349,528",,,$125,$150,$180,$250,,,,,,,,"$37,932.50","$11,379.75","$3,000.00","$2,352.69",$349.53,5.97%,,,,,,,,,,,,,,,,,,,,,,,,,,,,,,
PLAYA DEL CARMEN,https://static.wixstatic.com/media/5ed051_ff3b5a74fae349cd9533789280ea41c9~mv2.jpg,MARILA,A 108,1 RECAMARA,62,667,405776,15%,60866,344909,💰 Cotizar,Forma de pago / Payment plan 1,30%,103473,241437,344909,60866,Forma de pago / Payment plan 2,50%,172455,172455,344909,60866,Forma de pago / Payment plan 3,80%,275928,68982,344909,60866,,,,,,,,,,,,,,,,,,,,,,,,,,,,,,,,,,,,,,21,8521293,1278194,0,7243099,15,587675,0,88151,499524,,MARILA,A 108,1 RECAMARA,62,667,"$405,776",15%,"$60,866","$344,909",,,$125,$150,$180,$250,,,,,,,,"$37,932.50","$11,379.75","$3,000.00","$2,321.83",$344.91,6.06%,,,,,,,,,,,,,,,,,,,,,,,,,,,,,,
PLAYA DEL CARMEN,https://static.wixstatic.com/media/5ed051_c378b19d6de94d328c8337d9dce8cdf6~mv2.jpg,MARILA,A 201,3 RECAMARAS,225,2421,1331633,15%,199745,1131888,💰 Cotizar,Forma de pago / Payment plan 1,30%,339566,792322,1131888,199745,Forma de pago / Payment plan 2,50%,565944,565944,1131888,199745,Forma de pago / Payment plan 3,80%,905510,226378,1131888,199745,,,,,,,,,,,,,,,,,,,,,,,,,,,,,,,,,,,,,,21,27964293,4194644,0,23769649,15,1928572,15%,289286,1639286,,MARILA,A 201,3 RECAMARAS,225,2421,"$1,331,633",15%,"$199,745","$1,131,888",,,$250,$350,$450,$700,,,,,,,,"$91,615.00","$27,484.50","$3,000.00","$8,436.34","$1,131.89",4.56%,,,,,,,,,,,,,,,,,,,,,,,,,,,,,,
PLAYA DEL CARMEN,https://static.wixstatic.com/media/5ed051_ea4f2d6201ba4c7b85140706761500ab~mv2.jpg,MARILA,A 207,1 RECAMARA,63,676,426162,15%,63924,362238,💰 Cotizar,Forma de pago / Payment plan 1,30%,108671,253566,362238,63924,Forma de pago / Payment plan 2,50%,181119,181119,362238,63924,Forma de pago / Payment plan 3,80%,289790,72448,362238,63924,,,,,,,,,,,,,,,,,,,,,,,,,,,,,,,,,,,,,,21,8949401,1342410,0,7606991,15,617200,15%,92580,524620,,MARILA,A 207,1 RECAMARA,63,676,"$426,162",15%,"$63,924","$362,238",,,$125,$150,$180,$250,,,,,,,,"$37,932.50","$11,379.75","$3,000.00","$2,352.69",$362.24,5.75%,,,,,,,,,,,,,,,,,,,,,,,,,,,,,,
PLAYA DEL CARMEN,https://static.wixstatic.com/media/5ed051_156a148fed1844118206c5f273fa2d31~mv2.jpg,MARILA,A 208,1 RECAMARA,62,667,420531,15%,63080,357452,💰 Cotizar,Forma de pago / Payment plan 1,30%,107235,250216,357452,63080,Forma de pago / Payment plan 2,50%,178726,178726,357452,63080,Forma de pago / Payment plan 3,80%,285961,71490,357452,63080,,,,,,,,,,,,,,,,,,,,,,,,,,,,,,,,,,,,,,21,8831158,1324674,0,7506484,15,609045,15%,91357,517689,,MARILA,A 208,1 RECAMARA,62,667,"$420,531",15%,"$63,080","$357,452",,,$125,$150,$180,$250,,,,,,,,"$37,932.50","$11,379.75","$3,000.00","$2,321.83",$357.45,5.84%,,,,,,,,,,,,,,,,,,,,,,,,,,,,,,
PLAYA DEL CARMEN,https://static.wixstatic.com/media/5ed051_3b5d5df1c39b4eea9c0771d4d730a766~mv2.jpg,MARILA,A 301,3 RECAMARAS,225,2421,1366765,15%,205015,1161750,💰 Cotizar,Forma de pago / Payment plan 1,30%,348525,813225,1161750,205015,Forma de pago / Payment plan 2,50%,580875,580875,1161750,205015,Forma de pago / Payment plan 3,80%,929400,232350,1161750,205015,,,,,,,,,,,,,,,,,,,,,,,,,,,,,,,,,,,,,,21,28702065,4305310,0,24396755,15,1979453,15%,296918,1682535,,MARILA,A 301,3 RECAMARAS,225,2421,"$1,366,765",15%,"$205,015","$1,161,750",,,$250,$350,$450,$700,,,,,,,,"$91,615.00","$27,484.50","$3,000.00","$8,436.34","$1,161.75",4.44%,,,,,,,,,,,,,,,,,,,,,,,,,,,,,,
PLAYA DEL CARMEN,https://static.wixstatic.com/media/5ed051_31780042e44e4f1a9f4c6b7eaf68211b~mv2.jpg,MARILA,A 307,1 RECAMARA,63,676,433638,15%,65046,368593,💰 Cotizar,Forma de pago / Payment plan 1,30%,110578,258015,368593,65046,Forma de pago / Payment plan 2,50%,184296,184296,368593,65046,Forma de pago / Payment plan 3,80%,294874,73719,368593,65046,,,,,,,,,,,,,,,,,,,,,,,,,,,,,,,,,,,,,,21,9106408,1365961,0,7740447,15,628028,15%,94204,533824,,MARILA,A 307,1 RECAMARA,63,676,"$433,638",15%,"$65,046","$368,593",,,$125,$150,$180,$250,,,,,,,,"$37,932.50","$11,379.75","$3,000.00","$2,352.69",$368.59,5.65%,,,,,,,,,,,,,,,,,,,,,,,,,,,,,,
PLAYA DEL CARMEN,https://static.wixstatic.com/media/5ed051_9f102c871fe34c20a242e1f128b466a2~mv2.jpg,MARILA,A 308,1 RECAMARA,62,667,427909,15%,64186,363723,💰 Cotizar,Forma de pago / Payment plan 1,30%,109117,254606,363723,64186,Forma de pago / Payment plan 2,50%,181861,181861,363723,64186,Forma de pago / Payment plan 3,80%,290978,72745,363723,64186,,,,,,,,,,,,,,,,,,,,,,,,,,,,,,,,,,,,,,21,8986091,1347914,0,7638177,15,619730,15%,92960,526771,,MARILA,A 308,1 RECAMARA,62,667,"$427,909",15%,"$64,186","$363,723",,,$125,$150,$180,$250,,,,,,,,"$37,932.50","$11,379.75","$3,000.00","$2,321.83",$363.72,5.74%,,,,,,,,,,,,,,,,,,,,,,,,,,,,,,
PLAYA DEL CARMEN,https://static.wixstatic.com/media/5ed051_7f3d3dbf07b8463ab6572960f591d736~mv2.jpg,MARILA,A 4,2 RECAMARAS,164,1765,941996,15%,141299,800697,💰 Cotizar,Forma de pago / Payment plan 1,30%,240209,560488,800697,141299,Forma de pago / Payment plan 2,50%,400348,400348,800697,141299,Forma de pago / Payment plan 3,80%,640557,160139,800697,141299,,,,,,,,,,,,,,,,,,,,,,,,,,,,,,,,,,,,,,21,19781916,2967287,0,16814629,15,1364270,15%,204641,1159630,,MARILA,A 4,2 RECAMARAS,164,1765,"$941,996",15%,"$141,299","$800,697",,,$170,$210,$260,$450,,,,,,,,"$55,530.50","$16,659.15","$3,000.00","$6,141.94",$800.70,3.61%,,,,,,,,,,,,,,,,,,,,,,,,,,,,,,
PLAYA DEL CARMEN,https://static.wixstatic.com/media/5ed051_8b9f2463a5d0465d9fe4b60ae8938679~mv2.jpg,MARILA,A 401,3 RECAMARAS,225,2421,1385928,15%,207889,1178039,💰 Cotizar,Forma de pago / Payment plan 1,30%,353412,824627,1178039,207889,Forma de pago / Payment plan 2,50%,589019,589019,1178039,207889,Forma de pago / Payment plan 3,80%,942431,235608,1178039,207889,,,,,,,,,,,,,,,,,,,,,,,,,,,,,,,,,,,,,,21,29104488,4365673,0,24738815,15,2007206,15%,301081,1706125,,MARILA,A 401,3 RECAMARAS,225,2421,"$1,385,928",15%,"$207,889","$1,178,039",,,$250,$350,$450,$700,,,,,,,,"$91,615.00","$27,484.50","$3,000.00","$8,436.34","$1,178.04",4.37%,,,,,,,,,,,,,,,,,,,,,,,,,,,,,,
PLAYA DEL CARMEN,https://static.wixstatic.com/media/5ed051_5349893536cc49c7b6b337d7a4c44eb8~mv2.jpg,MARILA,A 402,2 RECAMARAS,147,1582,839796,15%,125969,713827,💰 Cotizar,Forma de pago / Payment plan 1,30%,214148,499679,713827,125969,Forma de pago / Payment plan 2,50%,356913,356913,713827,125969,Forma de pago / Payment plan 3,80%,571061,142765,713827,125969,,,,,,,,,,,,,,,,,,,,,,,,,,,,,,,,,,,,,,21,17635716,2645357,0,14990359,15,1216256,15%,182438,1033818,,MARILA,A 402,2 RECAMARAS,147,1582,"$839,796",15%,"$125,969","$713,827",,,$170,$210,$260,$450,,,,,,,,"$55,530.50","$16,659.15","$3,000.00","$5,489.83",$713.83,4.16%,,,,,,,,,,,,,,,,,,,,,,,,,,,,,,
PLAYA DEL CARMEN,https://static.wixstatic.com/media/5ed051_ce725c41b814466396b958f95b2490f6~mv2.jpg,MARILA,A 407,1 RECAMARA,63,676,441115,15%,66167,374948,💰 Cotizar,Forma de pago / Payment plan 1,30%,112484,262463,374948,66167,Forma de pago / Payment plan 2,50%,187474,187474,374948,66167,Forma de pago / Payment plan 3,80%,299958,74990,374948,66167,,,,,,,,,,,,,,,,,,,,,,,,,,,,,,,,,,,,,,21,9263415,1389512,0,7873903,15,638856,15%,95828,543028,,MARILA,A 407,1 RECAMARA,63,676,"$441,115",15%,"$66,167","$374,948",,,$125,$150,$180,$250,,,,,,,,"$37,932.50","$11,379.75","$3,000.00","$2,352.69",$374.95,5.55%,,,,,,,,,,,,,,,,,,,,,,,,,,,,,,
PLAYA DEL CARMEN,https://static.wixstatic.com/media/5ed051_5219265fcf074a058ab857124cfca22a~mv2.jpg,MARILA,A 408,1 RECAMARA,62,667,435287,15%,65293,369994,💰 Cotizar,Forma de pago / Payment plan 1,30%,110998,258996,369994,65293,Forma de pago / Payment plan 2,50%,184997,184997,369994,65293,Forma de pago / Payment plan 3,80%,295995,73999,369994,65293,,,,,,,,,,,,,,,,,,,,,,,,,,,,,,,,,,,,,,21,9141023,1371154,0,7769870,15,630415,15%,94562,535853,,MARILA,A 408,1 RECAMARA,62,667,"$435,287",15%,"$65,293","$369,994",,,$125,$150,$180,$250,,,,,,,,"$37,932.50","$11,379.75","$3,000.00","$2,321.83",$369.99,5.64%,,,,,,,,,,,,,,,,,,,,,,,,,,,,,,
PLAYA DEL CARMEN,https://static.wixstatic.com/media/5ed051_8ad4420f62e84b3880128b6a142a2f46~mv2.jpg,MARILA,A 5,2 RECAMARAS,162,1743,941996,15%,141299,800697,💰 Cotizar,Forma de pago / Payment plan 1,30%,240209,560488,800697,141299,Forma de pago / Payment plan 2,50%,400348,400348,800697,141299,Forma de pago / Payment plan 3,80%,640557,160139,800697,141299,,,,,,,,,,,,,,,,,,,,,,,,,,,,,,,,,,,,,,21,19781916,2967287,0,16814629,15,1364270,15%,204641,1159630,,MARILA,A 5,2 RECAMARAS,162,1743,"$941,996",15%,"$141,299","$800,697",,,$170,$210,$260,$450,,,,,,,,"$55,530.50","$16,659.15","$3,000.00","$6,077.49",$800.70,3.62%,,,,,,,,,,,,,,,,,,,,,,,,,,,,,,
PLAYA DEL CARMEN,https://static.wixstatic.com/media/5ed051_371acfc9d9e140c5ab870fd867a37261~mv2.jpg,MARILA,A 7,1 RECAMARA,70,752,457553,15%,68633,388920,💰 Cotizar,Forma de pago / Payment plan 1,30%,116676,272244,388920,68633,Forma de pago / Payment plan 2,50%,194460,194460,388920,68633,Forma de pago / Payment plan 3,80%,311136,77784,388920,68633,,,,,,,,,,,,,,,,,,,,,,,,,,,,,,,,,,,,,,21,9608620,1441293,0,8167327,15,662663,15%,99400,563264,,MARILA,A 7,1 RECAMARA,70,752,"$457,553",15%,"$68,633","$388,920",,,$125,$150,$180,$250,,,,,,,,"$37,932.50","$11,379.75","$3,000.00","$2,618.06",$388.92,5.28%,,,,,,,,,,,,,,,,,,,,,,,,,,,,,,
PLAYA DEL CARMEN,https://static.wixstatic.com/media/5ed051_96b861aaba774fbb82bbe92b73bbeae7~mv2.jpg,MARILA,A 8,1 RECAMARA,69,741,450877,15%,67631,383245,💰 Cotizar,Forma de pago / Payment plan 1,30%,114974,268272,383245,67631,Forma de pago / Payment plan 2,50%,191623,191623,383245,67631,Forma de pago / Payment plan 3,80%,306596,76649,383245,67631,,,,,,,,,,,,,,,,,,,,,,,,,,,,,,,,,,,,,,21,9468409,1420261,0,8048147,15,652994,15%,97949,555045,,MARILA,A 8,1 RECAMARA,69,741,"$450,877",15%,"$67,631","$383,245",,,$125,$150,$180,$250,,,,,,,,"$37,932.50","$11,379.75","$3,000.00","$2,579.66",$383.25,5.37%,,,,,,,,,,,,,,,,,,,,,,,,,,,,,,
TULUM,https://static.wixstatic.com/media/5ed051_b7a23cc2c7cd448ab9d5e6b2e95afe6e~mv2.jpg,NATAL,A 307,2 RECAMARAS,113,1212,404997,28%,113399,291598,💰 Cotizar,,,,,,,,,,,,,,,,,,,Forma de pago / Payment plan 1,30%,87479,29160,29160,145799,291598,113399,Forma de pago / Payment plan 2,50%,145799,29160,29160,87479,291598,113399,Forma de pago / Payment plan 3,80%,233278,58320,291598,113399,,,,,,,,,,,,,,,22,,8909934,2494782,0,6415152,15,614478,28%,172054,442424,,NATAL,A 307,2 RECAMARAS,113,1212,"$404,997",28%,"$113,399","$291,598",,,,,,,,,$130,$150,$180,$220,,"$33,910.00","$10,173.00","$3,000.00","$5,424.00",$291.60,5.15%,,,,,,,,,,,,,,,,,,,,,,,,,,,,,,
TULUM,https://static.wixstatic.com/media/5ed051_3703125fe82e4948a8afae6338237dba~mv2.jpg,NATAL,B 103,2 RECAMARAS,81,867,289900,28%,81172,208728,💰 Cotizar,,,,,,,,,,,,,,,,,,,Forma de pago / Payment plan 1,30%,62618,20873,20873,104364,208728,81172,Forma de pago / Payment plan 2,50%,104364,20873,20873,62618,208728,81172,Forma de pago / Payment plan 3,80%,166982,41746,208728,81172,,,,,,,,,,,,,,,22,,6377800,1785784,0,4592016,15,439848,28%,123158,316691,,NATAL,B 103,2 RECAMARAS,81,867,"$289,900",28%,"$81,172","$208,728",,,,,,,,,$108,$120,$150,$200,,"$28,389.50","$8,516.85","$3,000.00","$3,888.00",$208.73,6.12%,,,,,,,,,,,,,,,,,,,,,,,,,,,,,,
TULUM,https://static.wixstatic.com/media/5ed051_6210fe9d7d1d46ff9eb52dd793aa2a36~mv2.jpg,NATAL,B 209,2 RECAMARAS,81,867,289900,28%,81172,208728,💰 Cotizar,,,,,,,,,,,,,,,,,,,Forma de pago / Payment plan 1,30%,62618,20873,20873,104364,208728,81172,Forma de pago / Payment plan 2,50%,104364,20873,20873,62618,208728,81172,Forma de pago / Payment plan 3,80%,166982,41746,208728,81172,,,,,,,,,,,,,,,22,,6377800,1785784,0,4592016,15,439848,28%,123158,316691,,NATAL,B 209,2 RECAMARAS,81,867,"$289,900",28%,"$81,172","$208,728",,,,,,,,,$108,$120,$150,$200,,"$28,389.50","$8,516.85","$3,000.00","$3,888.00",$208.73,6.12%,,,,,,,,,,,,,,,,,,,,,,,,,,,,,,
TULUM,https://static.wixstatic.com/media/5ed051_10d4b14bc7324ba1a73c157271c96fb1~mv2.jpg,NATAL,B 210,2 RECAMARAS,81,867,289900,28%,81172,208728,💰 Cotizar,,,,,,,,,,,,,,,,,,,Forma de pago / Payment plan 1,30%,62618,20873,20873,104364,208728,81172,Forma de pago / Payment plan 2,50%,104364,20873,20873,62618,208728,81172,Forma de pago / Payment plan 3,80%,166982,41746,208728,81172,,,,,,,,,,,,,,,22,,6377800,1785784,0,4592016,15,439848,28%,123158,316691,,NATAL,B 210,2 RECAMARAS,81,867,"$289,900",28%,"$81,172","$208,728",,,,,,,,,$108,$120,$150,$200,,"$28,389.50","$8,516.85","$3,000.00","$3,888.00",$208.73,6.12%,,,,,,,,,,,,,,,,,,,,,,,,,,,,,,
TULUM,https://static.wixstatic.com/media/5ed051_225988da61d84e1d9cf7dddd33538487~mv2.jpg,NATAL,C 108,2 RECAMARAS,81,867,289900,28%,81172,208728,💰 Cotizar,,,,,,,,,,,,,,,,,,,Forma de pago / Payment plan 1,30%,62618,20873,20873,104364,208728,81172,Forma de pago / Payment plan 2,50%,104364,20873,20873,62618,208728,81172,Forma de pago / Payment plan 3,80%,166982,41746,208728,81172,,,,,,,,,,,,,,,22,,6377800,1785784,0,4592016,15,439848,28%,123158,316691,,NATAL,C 108,2 RECAMARAS,81,867,"$289,900",28%,"$81,172","$208,728",,,,,,,,,$108,$120,$150,$200,,"$28,389.50","$8,516.85","$3,000.00","$3,888.00",$208.73,6.12%,,,,,,,,,,,,,,,,,,,,,,,,,,,,,,
TULUM,https://static.wixstatic.com/media/5ed051_8e8a452352814bb4b66d4385015b44f1~mv2.jpg,NATAL,C 206,2 RECAMARAS,81,867,289900,28%,81172,208728,💰 Cotizar,,,,,,,,,,,,,,,,,,,Forma de pago / Payment plan 1,30%,62618,20873,20873,104364,208728,81172,Forma de pago / Payment plan 2,50%,104364,20873,20873,62618,208728,81172,Forma de pago / Payment plan 3,80%,166982,41746,208728,81172,,,,,,,,,,,,,,,22,,6377800,1785784,0,4592016,15,439848,28%,123158,316691,,NATAL,C 206,2 RECAMARAS,81,867,"$289,900",28%,"$81,172","$208,728",,,,,,,,,$108,$120,$150,$200,,"$28,389.50","$8,516.85","$3,000.00","$3,888.00",$208.73,6.12%,,,,,,,,,,,,,,,,,,,,,,,,,,,,,,
TULUM,https://static.wixstatic.com/media/5ed051_f037adf7725e4c05beddc62881f66518~mv2.jpg,NATAL,C 207,2 RECAMARAS,81,867,289900,28%,81172,208728,💰 Cotizar,,,,,,,,,,,,,,,,,,,Forma de pago / Payment plan 1,30%,62618,20873,20873,104364,208728,81172,Forma de pago / Payment plan 2,50%,104364,20873,20873,62618,208728,81172,Forma de pago / Payment plan 3,80%,166982,41746,208728,81172,,,,,,,,,,,,,,,22,,6377800,1785784,0,4592016,15,439848,28%,123158,316691,,NATAL,C 207,2 RECAMARAS,81,867,"$289,900",28%,"$81,172","$208,728",,,,,,,,,$108,$120,$150,$200,,"$28,389.50","$8,516.85","$3,000.00","$3,888.00",$208.73,6.12%,,,,,,,,,,,,,,,,,,,,,,,,,,,,,,
TULUM,https://static.wixstatic.com/media/5ed051_e0ce589d00b54d3a9bdf7c24878513e1~mv2.jpg,NATAL,D 109,2 RECAMARAS,81,867,289900,28%,81172,208728,💰 Cotizar,,,,,,,,,,,,,,,,,,,Forma de pago / Payment plan 1,30%,62618,20873,20873,104364,208728,81172,Forma de pago / Payment plan 2,50%,104364,20873,20873,62618,208728,81172,Forma de pago / Payment plan 3,80%,166982,41746,208728,81172,,,,,,,,,,,,,,,22,,6377800,1785784,0,4592016,15,439848,28%,123158,316691,,NATAL,D 109,2 RECAMARAS,81,867,"$289,900",28%,"$81,172","$208,728",,,,,,,,,$108,$120,$150,$200,,"$28,389.50","$8,516.85","$3,000.00","$3,888.00",$208.73,6.12%,,,,,,,,,,,,,,,,,,,,,,,,,,,,,,
TULUM,https://static.wixstatic.com/media/5ed051_02f46b0c6c844b10815f66da76880e62~mv2.jpg,NATAL,D 203,2 RECAMARAS,81,867,289900,28%,81172,208728,💰 Cotizar,,,,,,,,,,,,,,,,,,,Forma de pago / Payment plan 1,30%,62618,20873,20873,104364,208728,81172,Forma de pago / Payment plan 2,50%,104364,20873,20873,62618,208728,81172,Forma de pago / Payment plan 3,80%,166982,41746,208728,81172,,,,,,,,,,,,,,,22,,6377800,1785784,0,4592016,15,439848,28%,123158,316691,,NATAL,D 203,2 RECAMARAS,81,867,"$289,900",28%,"$81,172","$208,728",,,,,,,,,$108,$120,$150,$200,,"$28,389.50","$8,516.85","$3,000.00","$3,888.00",$208.73,6.12%,,,,,,,,,,,,,,,,,,,,,,,,,,,,,,
TULUM,https://static.wixstatic.com/media/5ed051_209d959c45014fbb978bbfc2da5e838b~mv2.jpg,NATAL,D 208,2 RECAMARAS,81,867,289900,28%,81172,208728,💰 Cotizar,,,,,,,,,,,,,,,,,,,Forma de pago / Payment plan 1,30%,62618,20873,20873,104364,208728,81172,Forma de pago / Payment plan 2,50%,104364,20873,20873,62618,208728,81172,Forma de pago / Payment plan 3,80%,166982,41746,208728,81172,,,,,,,,,,,,,,,22,,6377800,1785784,0,4592016,15,439848,28%,123158,316691,,NATAL,D 208,2 RECAMARAS,81,867,"$289,900",28%,"$81,172","$208,728",,,,,,,,,$108,$120,$150,$200,,"$28,389.50","$8,516.85","$3,000.00","$3,888.00",$208.73,6.12%,,,,,,,,,,,,,,,,,,,,,,,,,,,,,,
TULUM,https://static.wixstatic.com/media/5ed051_d20257be9ab5451aa0f007d73702aaac~mv2.jpg,NATAL,D 209,2 RECAMARAS,81,867,289900,28%,81172,208728,💰 Cotizar,,,,,,,,,,,,,,,,,,,Forma de pago / Payment plan 1,30%,62618,20873,20873,104364,208728,81172,Forma de pago / Payment plan 2,50%,104364,20873,20873,62618,208728,81172,Forma de pago / Payment plan 3,80%,166982,41746,208728,81172,,,,,,,,,,,,,,,22,,6377800,1785784,0,4592016,15,439848,28%,123158,316691,,NATAL,D 209,2 RECAMARAS,81,867,"$289,900",28%,"$81,172","$208,728",,,,,,,,,$108,$120,$150,$200,,"$28,389.50","$8,516.85","$3,000.00","$3,888.00",$208.73,6.12%,,,,,,,,,,,,,,,,,,,,,,,,,,,,,,
TULUM,https://static.wixstatic.com/media/5ed051_934894c536cc4f2fa01a9d3663aacd7b~mv2.jpg,NATAL,D 210,2 RECAMARAS,81,867,289900,28%,81172,208728,💰 Cotizar,,,,,,,,,,,,,,,,,,,Forma de pago / Payment plan 1,30%,62618,20873,20873,104364,208728,81172,Forma de pago / Payment plan 2,50%,104364,20873,20873,62618,208728,81172,Forma de pago / Payment plan 3,80%,166982,41746,208728,81172,,,,,,,,,,,,,,,22,,6377800,1785784,0,4592016,15,439848,28%,123158,316691,,NATAL,D 210,2 RECAMARAS,81,867,"$289,900",28%,"$81,172","$208,728",,,,,,,,,$108,$120,$150,$200,,"$28,389.50","$8,516.85","$3,000.00","$3,888.00",$208.73,6.12%,,,,,,,,,,,,,,,,,,,,,,,,,,,,,,
TULUM,https://static.wixstatic.com/media/5ed051_a8cd43216b1b41568c0bce77612f0967~mv2.jpg,NATAL,D 5,2 RECAMARAS,100,1076,361513,28%,101224,260289,💰 Cotizar,,,,,,,,,,,,,,,,,,,Forma de pago / Payment plan 1,30%,78087,26029,26029,130145,260289,101224,Forma de pago / Payment plan 2,50%,130145,26029,26029,78087,260289,101224,Forma de pago / Payment plan 3,80%,208231,52058,260289,101224,,,,,,,,,,,,,,,22,,7953286,2226920,0,5726366,15,548502,28%,153581,394922,,NATAL,D 5,2 RECAMARAS,100,1076,"$361,513",28%,"$101,224","$260,289",,,,,,,,,$130,$150,$180,$220,,"$33,910.00","$10,173.00","$3,000.00","$4,800.00",$260.29,6.02%,,,,,,,,,,,,,,,,,,,,,,,,,,,,,,
PLAYA DEL CARMEN,https://static.wixstatic.com/media/5ed051_ae3ee389da484a17a2244b9525daa637~mv2.jpg,SAINT MARINE,103,3 RECAMARAS,184,1980,1182336,10%,118234,1064102,💰 Cotizar,,,,,,,,,,,,,,,,,,,Forma de pago / Payment plan 1,30%,319231,106410,106410,532051,1064102,,Forma de pago / Payment plan 2,50%,508404,101681,101681,305043,1016809,47293,Forma de pago / Payment plan 3,80%,808718,202179,1010897,59117,,,,,,,,,,50%,532051,532051,1042820,21282,22,,26011392,2601139,0,23410253,15,1793889,10%,179389,1614500,,SAINT MARINE,103,3 RECAMARAS,184,1980,"$1,182,336",10%,"$118,234","$1,064,102",,,$300,$500,$600,$700,,,,,,,,"$119,535.00","$35,860.50","$3,000.00","$9,273.60","$1,064.10",6.61%,,,,,,,,,,,,,,,,,,,,,,,,,,,,,,
PLAYA DEL CARMEN,https://static.wixstatic.com/media/5ed051_247c39b5d71e48579f4e70fd0ce745a3~mv2.jpg,SAINT MARINE,104,3 RECAMARAS,201,2163,1291584,10%,129158,1162426,💰 Cotizar,,,,,,,,,,,,,,,,,,,Forma de pago / Payment plan 1,30%,348728,116243,116243,581213,1162426,,Forma de pago / Payment plan 2,50%,555381,111076,111076,333229,1110762,51663,Forma de pago / Payment plan 3,80%,883443,220861,1104304,64579,,,,,,,,,,50%,581213,581213,1139177,23249,22,,28414848,2841485,0,25573363,15,1959645,10%,195964,1763680,,SAINT MARINE,104,3 RECAMARAS,201,2163,"$1,291,584",10%,"$129,158","$1,162,426",,,$300,$500,$600,$700,,,,,,,,"$119,535.00","$35,860.50","$3,000.00","$10,130.40","$1,162.43",5.97%,,,,,,,,,,,,,,,,,,,,,,,,,,,,,,
PLAYA DEL CARMEN,https://static.wixstatic.com/media/5ed051_4f23d6aaac314b628a1a15c1483b93a6~mv2.jpg,SAINT MARINE,201,3 RECAMARAS,153,1646,982400,10%,98240,884160,💰 Cotizar,,,,,,,,,,,,,,,,,,,Forma de pago / Payment plan 1,30%,265248,88416,88416,442080,884160,,Forma de pago / Payment plan 2,50%,422432,84486,84486,253459,844864,39296,Forma de pago / Payment plan 3,80%,671962,167990,839952,49120,,,,,,,,,,50%,442080,442080,866477,17683,22,,21612800,2161280,0,19451520,15,1490538,10%,149054,1341484,,SAINT MARINE,201,3 RECAMARAS,153,1646,"$982,400",10%,"$98,240","$884,160",,,$300,$500,$600,$700,,,,,,,,"$119,535.00","$35,860.50","$3,000.00","$7,711.20",$884.16,8.15%,,,,,,,,,,,,,,,,,,,,,,,,,,,,,,
PLAYA DEL CARMEN,https://static.wixstatic.com/media/5ed051_b0c23335d8044acb88d0c34b7c7968cb~mv2.jpg,SAINT MARINE,202,3 RECAMARAS,196,2109,1254464,10%,125446,1129018,💰 Cotizar,,,,,,,,,,,,,,,,,,,Forma de pago / Payment plan 1,30%,338705,112902,112902,564509,1129018,,Forma de pago / Payment plan 2,50%,539420,107884,107884,323652,1078839,50179,Forma de pago / Payment plan 3,80%,858053,214513,1072567,62723,,,,,,,,,,50%,564509,564509,1106437,22580,22,,27598208,2759821,0,24838387,15,1903325,10%,190332,1712992,,SAINT MARINE,202,3 RECAMARAS,196,2109,"$1,254,464",10%,"$125,446","$1,129,018",,,$300,$500,$600,$700,,,,,,,,"$119,535.00","$35,860.50","$3,000.00","$9,878.40","$1,129.02",6.17%,,,,,,,,,,,,,,,,,,,,,,,,,,,,,,
PLAYA DEL CARMEN,https://static.wixstatic.com/media/5ed051_d65c5f97ea924705880cf78e4c0b091f~mv2.jpg,SAINT MARINE,203,3 RECAMARAS,181,1948,1146474,10%,114647,1031827,💰 Cotizar,,,,,,,,,,,,,,,,,,,Forma de pago / Payment plan 1,30%,309548,103183,103183,515913,1031827,,Forma de pago / Payment plan 2,50%,492984,98597,98597,295790,985968,45859,Forma de pago / Payment plan 3,80%,784188,196047,980235,57324,,,,,,,,,,50%,515913,515913,1011190,20637,22,,25222428,2522243,0,22700185,15,1739478,10%,173948,1565530,,SAINT MARINE,203,3 RECAMARAS,181,1948,"$1,146,474",10%,"$114,647","$1,031,827",,,$300,$500,$600,$700,,,,,,,,"$119,535.00","$35,860.50","$3,000.00","$9,122.40","$1,031.83",6.83%,,,,,,,,,,,,,,,,,,,,,,,,,,,,,,
PLAYA DEL CARMEN,https://static.wixstatic.com/media/5ed051_68bb2c329a9b460389db4392adf25c2d~mv2.jpg,SAINT MARINE,204,3 RECAMARAS,187,2012,1182069,10%,118207,1063862,💰 Cotizar,,,,,,,,,,,,,,,,,,,Forma de pago / Payment plan 1,30%,319159,106386,106386,531931,1063862,,Forma de pago / Payment plan 2,50%,508290,101658,101658,304974,1016579,47283,Forma de pago / Payment plan 3,80%,808535,202134,1010669,59103,,,,,,,,,,50%,531931,531931,1042585,21277,22,,26005518,2600552,0,23404966,15,1793484,10%,179348,1614136,,SAINT MARINE,204,3 RECAMARAS,187,2012,"$1,182,069",10%,"$118,207","$1,063,862",,,$300,$500,$600,$700,,,,,,,,"$119,535.00","$35,860.50","$3,000.00","$9,424.80","$1,063.86",6.60%,,,,,,,,,,,,,,,,,,,,,,,,,,,,,,
PLAYA DEL CARMEN,https://static.wixstatic.com/media/5ed051_893a3f8fcf0d4471bf1a516a77eb63d2~mv2.jpg,SAINT MARINE,301,3 RECAMARAS,153,1646,1030154,10%,103015,927139,💰 Cotizar,,,,,,,,,,,,,,,,,,,Forma de pago / Payment plan 1,30%,278142,92714,92714,463569,927139,,Forma de pago / Payment plan 2,50%,442966,88593,88593,265780,885932,41206,Forma de pago / Payment plan 3,80%,704625,176156,880782,51508,,,,,,,,,,50%,463569,463569,908596,18543,22,,22663388,2266339,0,20397049,15,1562992,10%,156299,1406693,,SAINT MARINE,301,3 RECAMARAS,153,1646,"$1,030,154",10%,"$103,015","$927,139",,,$300,$500,$600,$700,,,,,,,,"$119,535.00","$35,860.50","$3,000.00","$7,711.20",$927.14,7.77%,,,,,,,,,,,,,,,,,,,,,,,,,,,,,,
PLAYA DEL CARMEN,https://static.wixstatic.com/media/5ed051_831810e21a1647ff9c94c9cefd57da99~mv2.jpg,SAINT MARINE,302,3 RECAMARAS,168,1808,1125331,10%,112533,1012798,💰 Cotizar,,,,,,,,,,,,,,,,,,,Forma de pago / Payment plan 1,30%,303839,101280,101280,506399,1012798,,Forma de pago / Payment plan 2,50%,483892,96778,96778,290335,967785,45013,Forma de pago / Payment plan 3,80%,769726,192432,962158,56267,,,,,,,,,,50%,506399,506399,992542,20256,22,,24757282,2475728,0,22281554,15,1707399,10%,170740,1536659,,SAINT MARINE,302,3 RECAMARAS,168,1808,"$1,125,331",10%,"$112,533","$1,012,798",,,$300,$500,$600,$700,,,,,,,,"$119,535.00","$35,860.50","$3,000.00","$8,467.20","$1,012.80",7.03%,,,,,,,,,,,,,,,,,,,,,,,,,,,,,,
PLAYA DEL CARMEN,https://static.wixstatic.com/media/5ed051_48a30179ac444b6a8246b8041254d973~mv2.jpg,SAINT MARINE,303,3 RECAMARAS,181,1948,1196321,10%,119632,1076689,💰 Cotizar,,,,,,,,,,,,,,,,,,,Forma de pago / Payment plan 1,30%,323007,107669,107669,538344,1076689,,Forma de pago / Payment plan 2,50%,514418,102884,102884,308651,1028836,47853,Forma de pago / Payment plan 3,80%,818284,204571,1022854,59816,,,,,,,,,,50%,538344,538344,1055155,21534,22,,26319062,2631906,0,23687156,15,1815108,10%,181511,1633597,,SAINT MARINE,303,3 RECAMARAS,181,1948,"$1,196,321",10%,"$119,632","$1,076,689",,,$300,$500,$600,$700,,,,,,,,"$119,535.00","$35,860.50","$3,000.00","$9,122.40","$1,076.69",6.55%,,,,,,,,,,,,,,,,,,,,,,,,,,,,,,
PLAYA DEL CARMEN,https://static.wixstatic.com/media/5ed051_508827a83c824217bac968ec08a7c300~mv2.jpg,SAINT MARINE,304,3 RECAMARAS,188,2023,1234736,10%,123474,1111262,💰 Cotizar,,,,,,,,,,,,,,,,,,,Forma de pago / Payment plan 1,30%,333379,111126,111126,555631,1111262,,Forma de pago / Payment plan 2,50%,530936,106187,106187,318562,1061873,49389,Forma de pago / Payment plan 3,80%,844559,211140,1055699,61737,,,,,,,,,,50%,555631,555631,1089037,22225,22,,27164192,2716419,0,24447773,15,1873393,10%,187339,1686053,,SAINT MARINE,304,3 RECAMARAS,188,2023,"$1,234,736",10%,"$123,474","$1,111,262",,,$300,$500,$600,$700,,,,,,,,"$119,535.00","$35,860.50","$3,000.00","$9,475.20","$1,111.26",6.31%,,,,,,,,,,,,,,,,,,,,,,,,,,,,,,
PLAYA DEL CARMEN,https://static.wixstatic.com/media/5ed051_c8526e7cfcfc4534be21cb0fa20b5aba~mv2.jpg,SAINT MARINE,305,3 RECAMARAS,194,2088,1716640,10%,171664,1544976,💰 Cotizar,,,,,,,,,,,,,,,,,,,Forma de pago / Payment plan 1,30%,463493,154498,154498,772488,1544976,,Forma de pago / Payment plan 2,50%,738155,147631,147631,442893,1476310,68666,Forma de pago / Payment plan 3,80%,1174182,293545,1467727,85832,,,,,,,,,,50%,772488,772488,1514076,30900,22,,37766080,3776608,0,33989472,15,2604557,10%,260456,2344102,,SAINT MARINE,305,3 RECAMARAS,194,2088,"$1,716,640",10%,"$171,664","$1,544,976",,,$350,$550,$650,$750,,,,,,,,"$131,052.50","$39,315.75","$3,000.00","$9,777.60","$1,544.98",5.01%,,,,,,,,,,,,,,,,,,,,,,,,,,,,,,
PLAYA DEL CARMEN,https://static.wixstatic.com/media/5ed051_242aee26740245709f34a51f80892da9~mv2.jpg,SAINT MARINE,401,3 RECAMARAS,153,1646,1080449,10%,108045,972404,💰 Cotizar,,,,,,,,,,,,,,,,,,,Forma de pago / Payment plan 1,30%,291721,97240,97240,486202,972404,,Forma de pago / Payment plan 2,50%,464593,92919,92919,278756,929186,43218,Forma de pago / Payment plan 3,80%,739027,184757,923784,54022,,,,,,,,,,50%,486202,486202,952956,19448,22,,23769878,2376988,0,21392890,15,1639302,10%,163930,1475372,,SAINT MARINE,401,3 RECAMARAS,153,1646,"$1,080,449",10%,"$108,045","$972,404",,,$300,$500,$600,$700,,,,,,,,"$119,535.00","$35,860.50","$3,000.00","$7,711.20",$972.40,7.40%,,,,,,,,,,,,,,,,,,,,,,,,,,,,,,
PLAYA DEL CARMEN,https://static.wixstatic.com/media/5ed051_560ad10b0b274ca696fa5734b47a8b98~mv2.jpg,SAINT MARINE,402,3 RECAMARAS,160,1722,1127683,10%,112768,1014915,💰 Cotizar,,,,,,,,,,,,,,,,,,,Forma de pago / Payment plan 1,30%,304474,101491,101491,507457,1014915,,Forma de pago / Payment plan 2,50%,484904,96981,96981,290942,969807,45107,Forma de pago / Payment plan 3,80%,771335,192834,964169,56384,,,,,,,,,,50%,507457,507457,994616,20298,22,,24809026,2480903,0,22328123,15,1710967,10%,171097,1539871,,SAINT MARINE,402,3 RECAMARAS,160,1722,"$1,127,683",10%,"$112,768","$1,014,915",,,$300,$500,$600,$700,,,,,,,,"$119,535.00","$35,860.50","$3,000.00","$8,064.00","$1,014.91",7.05%,,,,,,,,,,,,,,,,,,,,,,,,,,,,,,
PLAYA DEL CARMEN,https://static.wixstatic.com/media/5ed051_dfe9e19fc2e64e0fa124e0c43c1a19fa~mv2.jpg,SAINT MARINE,404,3 RECAMARAS,188,2023,1284758,10%,128476,1156282,💰 Cotizar,,,,,,,,,,,,,,,,,,,Forma de pago / Payment plan 1,30%,346885,115628,115628,578141,1156282,,Forma de pago / Payment plan 2,50%,552446,110489,110489,331468,1104892,51390,Forma de pago / Payment plan 3,80%,878774,219694,1098468,64238,,,,,,,,,,50%,578141,578141,1133157,23126,22,,28264676,2826468,0,25438208,15,1949288,10%,194929,1754359,,SAINT MARINE,404,3 RECAMARAS,188,2023,"$1,284,758",10%,"$128,476","$1,156,282",,,$300,$500,$600,$700,,,,,,,,"$119,535.00","$35,860.50","$3,000.00","$9,475.20","$1,156.28",6.06%,,,,,,,,,,,,,,,,,,,,,,,,,,,,,,
PLAYA DEL CARMEN,https://static.wixstatic.com/media/5ed051_4e3a150653d14ec780b3c0dd1e271fa8~mv2.jpg,SAINT MARINE,501,3 RECAMARAS,153,1646,1129804,10%,112980,1016824,💰 Cotizar,,,,,,,,,,,,,,,,,,,Forma de pago / Payment plan 1,30%,305047,101682,101682,508412,1016824,,Forma de pago / Payment plan 2,50%,485816,97163,97163,291489,971631,45192,Forma de pago / Payment plan 3,80%,772786,193196,965982,56490,,,,,,,,,,50%,508412,508412,996487,20336,22,,24855688,2485569,0,22370119,15,1714185,10%,171419,1542767,,SAINT MARINE,501,3 RECAMARAS,153,1646,"$1,129,804",10%,"$112,980","$1,016,824",,,$300,$500,$600,$700,,,,,,,,"$119,535.00","$35,860.50","$3,000.00","$7,711.20","$1,016.82",7.08%,,,,,,,,,,,,,,,,,,,,,,,,,,,,,,
PLAYA DEL CARMEN,https://static.wixstatic.com/media/5ed051_18b3bb04b6174a83ab5f9d1a85616521~mv2.jpg,SAINT MARINE,502,3 RECAMARAS,170,1829,1240512,10%,124051,1116461,💰 Cotizar,,,,,,,,,,,,,,,,,,,Forma de pago / Payment plan 1,30%,334938,111646,111646,558230,1116461,,Forma de pago / Payment plan 2,50%,533420,106684,106684,320052,1066840,49620,Forma de pago / Payment plan 3,80%,848510,212128,1060638,62026,,,,,,,,,,50%,558230,558230,1094132,22329,22,,27291264,2729126,0,24562138,15,1882156,10%,188216,1693941,,SAINT MARINE,502,3 RECAMARAS,170,1829,"$1,240,512",10%,"$124,051","$1,116,461",,,$300,$500,$600,$700,,,,,,,,"$119,535.00","$35,860.50","$3,000.00","$8,568.00","$1,116.46",6.36%,,,,,,,,,,,,,,,,,,,,,,,,,,,,,,
PLAYA DEL CARMEN,https://static.wixstatic.com/media/5ed051_b1a292091dfd4b27b5e9b2c8d1a5a7a7~mv2.jpg,SAINT MARINE,503,3 RECAMARAS,181,1948,1296426,10%,129643,1166783,💰 Cotizar,,,,,,,,,,,,,,,,,,,Forma de pago / Payment plan 1,30%,350035,116678,116678,583392,1166783,,Forma de pago / Payment plan 2,50%,557463,111493,111493,334478,1114926,51857,Forma de pago / Payment plan 3,80%,886755,221689,1108444,64821,,,,,,,,,,50%,583392,583392,1143448,23336,22,,28521372,2852137,0,25669235,15,1966991,10%,196699,1770292,,SAINT MARINE,503,3 RECAMARAS,181,1948,"$1,296,426",10%,"$129,643","$1,166,783",,,$300,$500,$600,$700,,,,,,,,"$119,535.00","$35,860.50","$3,000.00","$9,122.40","$1,166.78",6.03%,,,,,,,,,,,,,,,,,,,,,,,,,,,,,,
PLAYA DEL CARMEN,https://static.wixstatic.com/media/5ed051_414c678b5f1947f78117033f9ddf510b~mv2.jpg,SAINT MARINE,504,3 RECAMARAS,187,2012,1333785,10%,133379,1200407,💰 Cotizar,,,,,,,,,,,,,,,,,,,Forma de pago / Payment plan 1,30%,360122,120041,120041,600203,1200407,,Forma de pago / Payment plan 2,50%,573528,114706,114706,344117,1147055,53351,Forma de pago / Payment plan 3,80%,912309,228077,1140386,66689,,,,,,,,,,50%,600203,600203,1176398,24008,22,,29343270,2934327,0,26408943,15,2023674,10%,202367,1821306,,SAINT MARINE,504,3 RECAMARAS,187,2012,"$1,333,785",10%,"$133,379","$1,200,407",,,$300,$500,$600,$700,,,,,,,,"$119,535.00","$35,860.50","$3,000.00","$9,424.80","$1,200.41",5.84%,,,,,,,,,,,,,,,,,,,,,,,,,,,,,,
PLAYA DEL CARMEN,https://static.wixstatic.com/media/5ed051_45bdfdf28b7b4670a6a6307d6f6ae30b~mv2.jpg,SAINT MARINE,601,3 RECAMARAS,364,3918,2329664,10%,232966,2096698,💰 Cotizar,,,,,,,,,,,,,,,,,,,Forma de pago / Payment plan 1,30%,629009,209670,209670,1048349,2096698,,Forma de pago / Payment plan 2,50%,1001756,200351,200351,601053,2003511,93187,Forma de pago / Payment plan 3,80%,1593490,398373,1991863,116483,,,,,,,,,,50%,1048349,1048349,2054764,41934,22,,51252608,5125261,0,46127347,15,3534663,10%,353466,3181196,,SAINT MARINE,601,3 RECAMARAS,364,3918,"$2,329,664",10%,"$232,966","$2,096,698",,,$300,$500,$600,$700,,,,,,,,"$119,535.00","$35,860.50","$3,000.00","$18,345.60","$2,096.70",2.87%,,,,,,,,,,,,,,,,,,,,,,,,,,,,,,
PLAYA DEL CARMEN,https://static.wixstatic.com/media/5ed051_0716c788542343de843a5bee0fe457c6~mv2.jpg,SAINT MARINE,602,3 RECAMARAS,377,4057,2413888,10%,241389,2172499,💰 Cotizar,,,,,,,,,,,,,,,,,,,Forma de pago / Payment plan 1,30%,651750,217250,217250,1086250,2172499,,Forma de pago / Payment plan 2,50%,1037972,207594,207594,622783,2075944,96556,Forma de pago / Payment plan 3,80%,1651099,412775,2063874,120694,,,,,,,,,,50%,1086250,1086250,2129049,43450,22,,53105536,5310554,0,47794982,15,3662451,10%,366245,3296206,,SAINT MARINE,602,3 RECAMARAS,377,4057,"$2,413,888",10%,"$241,389","$2,172,499",,,$300,$500,$600,$700,,,,,,,,"$119,535.00","$35,860.50","$3,000.00","$19,000.80","$2,172.50",2.74%,,,,,,,,,,,,,,,,,,,,,,,,,,,,,,
PLAYA DEL CARMEN,https://static.wixstatic.com/media/5ed051_47f5d590e2cd412aad99fbf32142b2fb~mv2.jpg,SAINT MARINE,603,4 RECAMARAS,306,3293,1960704,10%,196070,1764634,💰 Cotizar,,,,,,,,,,,,,,,,,,,Forma de pago / Payment plan 1,30%,529390,176463,176463,882317,1764634,,Forma de pago / Payment plan 2,50%,843103,168621,168621,505862,1686205,78428,Forma de pago / Payment plan 3,80%,1341122,335280,1676402,98035,,,,,,,,,,50%,882317,882317,1729341,35293,22,,43135488,4313549,0,38821939,15,2974861,10%,297486,2677375,,SAINT MARINE,603,4 RECAMARAS,306,3293,"$1,960,704",10%,"$196,070","$1,764,634",,,$350,$550,$650,$750,,,,,,,,"$131,052.50","$39,315.75","$3,000.00","$15,422.40","$1,764.63",4.05%,,,,,,,,,,,,,,,,,,,,,,,,,,,,,,
PLAYA DEL CARMEN,https://static.wixstatic.com/media/5ed051_fdce0d2aa3774863b4f144eb502404a3~mv2.jpg,SAINT MARINE,604,4 RECAMARAS,346,3724,2216384,10%,221638,1994746,💰 Cotizar,,,,,,,,,,,,,,,,,,,Forma de pago / Payment plan 1,30%,598424,199475,199475,997373,1994746,,Forma de pago / Payment plan 2,50%,953045,190609,190609,571827,1906090,88655,Forma de pago / Payment plan 3,80%,1516007,379002,1895008,110819,,,,,,,,,,50%,997373,997373,1954851,39895,22,,48760448,4876045,0,43884403,15,3362790,10%,336279,3026511,,SAINT MARINE,604,4 RECAMARAS,346,3724,"$2,216,384",10%,"$221,638","$1,994,746",,,$350,$550,$650,$750,,,,,,,,"$131,052.50","$39,315.75","$3,000.00","$17,438.40","$1,994.75",3.47%,,,,,,,,,,,,,,,,,,,,,,,,,,,,,,
PLAYA DEL CARMEN,https://static.wixstatic.com/media/5ed051_a34a01a2e48945f7a7673f2c9ea72b62~mv2.jpg,SAINT MARINE,605,3 RECAMARAS,194,2093,1912230,10%,191223,1721007,💰 Cotizar,,,,,,,,,,,,,,,,,,,Forma de pago / Payment plan 1,30%,516302,172101,172101,860503,1721007,,Forma de pago / Payment plan 2,50%,822259,164452,164452,493355,1644518,76489,Forma de pago / Payment plan 3,80%,1307965,326991,1634957,95611,,,,,,,,,,,,,,,22,,42069058,4206906,0,37862152,15,2901314,10%,290131,2611183,,SAINT MARINE,605,3 RECAMARAS,194,2093,"$1,912,230",10%,"$191,223","$1,721,007",,,$350,$550,$650,$750,,,,,,,,"$131,052.50","$39,315.75","$3,000.00","$9,777.60","$1,721.01",4.49%,,,,,,,,,,,,,,,,,,,,,,,,,,,,,,
PLAYA DEL CARMEN,https://static.wixstatic.com/media/5ed051_7337738ebd084058b1cddec465edaac4~mv2.jpg,SERENADA,108,2 RECAMARAS,95,1027,524895,24%,125975,398920,💰 Cotizar,Forma de pago / Payment plan 1,30%,119676,279244,398920,125975,Forma de pago / Payment plan 2,50%,199460,199460,398920,125975,Forma de pago / Payment plan 3,80%,319136,79784,398920,125975,,,,,,,,,,,,,,,,,,,,,,,,,,,,,,,,,,,,,,21,11022795,2645471,0,8377324,15,760193,24%,182446,577746,,SERENADA,108,2 RECAMARAS,95,1027,"$524,895",24%,"$125,975","$398,920",,,$135,$165,$210,$350,,,,,,,,"$44,049.00","$13,214.70","$3,000.00","$3,109.71",$398.92,6.10%,,,,,,,,,,,,,,,,,,,,,,,,,,,,,,
PLAYA DEL CARMEN,https://static.wixstatic.com/media/5ed051_8e51b23d85db4053b8f711ff47fb2490~mv2.jpg,SERENADA,112,2 RECAMARAS,128,1377,624645,24%,149915,474730,💰 Cotizar,Forma de pago / Payment plan 1,30%,142419,332311,474730,149915,Forma de pago / Payment plan 2,50%,237365,237365,474730,149915,Forma de pago / Payment plan 3,80%,379784,94946,474730,149915,,,,,,,,,,,,,,,,,,,,,,,,,,,,,,,,,,,,,,21,13117545,3148211,0,9969334,15,904658,24%,217118,687540,,SERENADA,112,2 RECAMARAS,128,1377,"$624,645",24%,"$149,915","$474,730",,,$135,$165,$210,$350,,,,,,,,"$44,049.00","$13,214.70","$3,000.00","$4,095.77",$474.73,4.90%,,,,,,,,,,,,,,,,,,,,,,,,,,,,,,
PLAYA DEL CARMEN,https://static.wixstatic.com/media/5ed051_9e014dec167d4aceb79221807ae29ebc~mv2.jpg,SERENADA,209,2 RECAMARAS,95,1027,524895,24%,125975,398920,💰 Cotizar,Forma de pago / Payment plan 1,30%,119676,279244,398920,125975,Forma de pago / Payment plan 2,50%,199460,199460,398920,125975,Forma de pago / Payment plan 3,80%,319136,79784,398920,125975,,,,,,,,,,,,,,,,,,,,,,,,,,,,,,,,,,,,,,21,11022795,2645471,0,8377324,15,760193,24%,182446,577746,,SERENADA,209,2 RECAMARAS,95,1027,"$524,895",24%,"$125,975","$398,920",,,$135,$165,$210,$350,,,,,,,,"$44,049.00","$13,214.70","$3,000.00","$3,109.71",$398.92,6.10%,,,,,,,,,,,,,,,,,,,,,,,,,,,,,,
PLAYA DEL CARMEN,https://static.wixstatic.com/media/5ed051_2c19dd252af44cd18da2515cc97a5a30~mv2.jpg,SERENADA,312,2 RECAMARAS,128,1377,650500,24%,156120,494380,💰 Cotizar,Forma de pago / Payment plan 1,30%,148314,346066,494380,156120,Forma de pago / Payment plan 2,50%,247190,247190,494380,156120,Forma de pago / Payment plan 3,80%,395504,98876,494380,156120,,,,,,,,,,,,,,,,,,,,,,,,,,,,,,,,,,,,,,21,13660500,3278520,0,10381980,15,942103,24%,226105,715999,,SERENADA,312,2 RECAMARAS,128,1377,"$650,500",24%,"$156,120","$494,380",,,$135,$165,$210,$350,,,,,,,,"$44,049.00","$13,214.70","$3,000.00","$4,095.77",$494.38,4.70%,,,,,,,,,,,,,,,,,,,,,,,,,,,,,,
PLAYA DEL CARMEN,https://static.wixstatic.com/media/5ed051_98bc1f676f2b4dea91e66e56b251ab3f~mv2.jpg,SERENADA,402,2 RECAMARAS,85,919,465316,24%,111676,353640,💰 Cotizar,Forma de pago / Payment plan 1,30%,106092,247548,353640,111676,Forma de pago / Payment plan 2,50%,176820,176820,353640,111676,Forma de pago / Payment plan 3,80%,282912,70728,353640,111676,,,,,,,,,,,,,,,,,,,,,,,,,,,,,,,,,,,,,,21,9771636,2345193,0,7426443,15,673906,24%,161737,512169,,SERENADA,402,2 RECAMARAS,85,919,"$465,316",24%,"$111,676","$353,640",,,$135,$165,$210,$350,,,,,,,,"$44,049.00","$13,214.70","$3,000.00","$2,747.66",$353.64,6.99%,,,,,,,,,,,,,,,,,,,,,,,,,,,,,,
PLAYA DEL CARMEN,https://static.wixstatic.com/media/5ed051_2c66eb9b9085401ca67b5200b62ae5ba~mv2.jpg,SERENADA,409,2 RECAMARAS,95,1027,561645,24%,134795,426850,💰 Cotizar,Forma de pago / Payment plan 1,30%,128055,298795,426850,134795,Forma de pago / Payment plan 2,50%,213425,213425,426850,134795,Forma de pago / Payment plan 3,80%,341480,85370,426850,134795,,,,,,,,,,,,,,,,,,,,,,,,,,,,,,,,,,,,,,21,11794545,2830691,0,8963854,15,813417,24%,195220,618197,,SERENADA,409,2 RECAMARAS,95,1027,"$561,645",24%,"$134,795","$426,850",,,$135,$165,$210,$350,,,,,,,,"$44,049.00","$13,214.70","$3,000.00","$3,109.71",$426.85,5.69%,,,,,,,,,,,,,,,,,,,,,,,,,,,,,,
PLAYA DEL CARMEN,https://static.wixstatic.com/media/5ed051_3f7f194f8aee467ab112c8c20c5a0c01~mv2.jpg,SERENADA,411,2 RECAMARAS,95,1027,561645,24%,134795,426850,💰 Cotizar,Forma de pago / Payment plan 1,30%,128055,298795,426850,134795,Forma de pago / Payment plan 2,50%,213425,213425,426850,134795,Forma de pago / Payment plan 3,80%,341480,85370,426850,134795,,,,,,,,,,,,,,,,,,,,,,,,,,,,,,,,,,,,,,21,11794545,2830691,0,8963854,15,813417,24%,195220,618197,,SERENADA,411,2 RECAMARAS,95,1027,"$561,645",24%,"$134,795","$426,850",,,$135,$165,$210,$350,,,,,,,,"$44,049.00","$13,214.70","$3,000.00","$3,109.71",$426.85,5.69%,,,,,,,,,,,,,,,,,,,,,,,,,,,,,,
PLAYA DEL CARMEN,https://static.wixstatic.com/media/5ed051_54301ec615f7444e9e2dac153744a287~mv2.jpg,SERENADA,503,2 RECAMARAS,110,1180,614145,24%,147395,466750,💰 Cotizar,Forma de pago / Payment plan 1,30%,140025,326725,466750,147395,Forma de pago / Payment plan 2,50%,233375,233375,466750,147395,Forma de pago / Payment plan 3,80%,373400,93350,466750,147395,,,,,,,,,,,,,,,,,,,,,,,,,,,,,,,,,,,,,,21,12897045,3095291,0,9801754,15,889451,24%,213468,675983,,SERENADA,503,2 RECAMARAS,110,1180,"$614,145",24%,"$147,395","$466,750",,,$135,$165,$210,$350,,,,,,,,"$44,049.00","$13,214.70","$3,000.00","$3,536.23",$466.75,5.11%,,,,,,,,,,,,,,,,,,,,,,,,,,,,,,
PLAYA DEL CARMEN,https://static.wixstatic.com/media/5ed051_ef0279def8eb45319168522d5c68c651~mv2.jpg,SINGULAR JOY,313,3 RECAMARAS,109,1171,590000,20%,118000,472000,💰 Cotizar,Forma de pago / Payment plan 1,30%,141600,330400,472000,118000,Forma de pago / Payment plan 2,50%,236000,236000,472000,118000,Forma de pago / Payment plan 3,80%,377600,94400,472000,118000,,,,,,,,,,,,,,,,,Forma de pago / Payment plan 3,,,,,,,,,,,,,,,,,,,,,21,12390000,2478000,0,9912000,15,854483,20%,170897,683586,,SINGULAR JOY,313,3 RECAMARAS,109,1171,"$590,000",20%,"$118,000","$472,000",,,$190,$260,$320,$550,,,,,,,,"$67,718.50","$20,315.55","$3,000.00","$8,813.31",$472.00,7.44%,,,,,,,,,,,,,,,,,,,,,,,,,,,,,,
PLAYA DEL CARMEN,https://static.wixstatic.com/media/5ed051_e6a25137d3684887a6690a7b6812cca0~mv2.jpg,SOLAR,203,STUDIO,41,436,244400,5%,12220,232180,💰 Cotizar,,,,,,,,,,,,,,,,,,,Forma de pago / Payment plan 1,30%,69654,23218,23218,116090,232180,,Forma de pago / Payment plan 2,50%,116090,,,116090,232180,484,Forma de pago / Payment plan 3,80%,185744,46436,232180,929,,,,,,,,,,,,,,,22,,5376800,268840,0,5107960,15,370814,5%,18541,352273,,SOLAR,203,STUDIO,41,436,"$244,400",5%,"$12,220","$232,180",,,$55,$75,$95,$140,,,,,,,,"$19,375.00","$5,812.50","$3,000.00","$1,722.00",$232.18,3.71%,,,,,,,,,,,,,,,,,,,,,,,,,,,,,,
PLAYA DEL CARMEN,https://static.wixstatic.com/media/5ed051_ca1b8488802a490ab21a494483c7a4f3~mv2.jpg,SOLAR,204,STUDIO,38,406,244300,5%,12215,232085,💰 Cotizar,,,,,,,,,,,,,,,,,,,Forma de pago / Payment plan 1,30%,69626,23209,23209,116043,232085,,Forma de pago / Payment plan 2,50%,116043,,,116043,232085,484,Forma de pago / Payment plan 3,80%,185668,46417,232085,928,,,,,,,,,,,,,,,22,,5374600,268730,0,5105870,15,370662,5%,18533,352129,,SOLAR,204,STUDIO,38,406,"$244,300",5%,"$12,215","$232,085",,,$55,$75,$95,$140,,,,,,,,"$19,375.00","$5,812.50","$3,000.00","$1,596.00",$232.09,3.76%,,,,,,,,,,,,,,,,,,,,,,,,,,,,,,
PLAYA DEL CARMEN,https://static.wixstatic.com/media/5ed051_ae0010b55f1a4275ad265947c6166b48~mv2.jpg,SOLAR,214,STUDIO,40,434,241700,5%,12085,229615,💰 Cotizar,,,,,,,,,,,,,,,,,,,Forma de pago / Payment plan 1,30%,68885,22962,22962,114808,229615,,Forma de pago / Payment plan 2,50%,114808,,,114808,229615,478,Forma de pago / Payment plan 3,80%,183692,45923,229615,918,,,,,,,,,,,,,,,22,,5317400,265870,0,5051530,15,366717,5%,18336,348381,,SOLAR,214,STUDIO,40,434,"$241,700",5%,"$12,085","$229,615",,,$55,$75,$95,$140,,,,,,,,"$19,375.00","$5,812.50","$3,000.00","$1,680.00",$229.62,3.77%,,,,,,,,,,,,,,,,,,,,,,,,,,,,,,
PLAYA DEL CARMEN,https://static.wixstatic.com/media/5ed051_21d2f8229d7d4747810252639e6de71e~mv2.jpg,SOLAR,310,STUDIO,37,394,215300,5%,10765,204535,💰 Cotizar,,,,,,,,,,,,,,,,,,,Forma de pago / Payment plan 1,30%,61361,20454,20454,102268,204535,,Forma de pago / Payment plan 2,50%,102268,,,102268,204535,426,Forma de pago / Payment plan 3,80%,163628,40907,204535,818,,,,,,,,,,,,,,,22,,4736600,236830,0,4499770,15,326662,5%,16333,310329,,SOLAR,310,STUDIO,37,394,"$215,300",5%,"$10,765","$204,535",,,$55,$75,$95,$140,,,,,,,,"$19,375.00","$5,812.50","$3,000.00","$1,554.00",$204.54,4.30%,,,,,,,,,,,,,,,,,,,,,,,,,,,,,,
PLAYA DEL CARMEN,https://static.wixstatic.com/media/5ed051_36848cec92a4437aaa5ee3e651b97516~mv2.jpg,SOLAR,311,STUDIO,36,387,215300,5%,10765,204535,💰 Cotizar,,,,,,,,,,,,,,,,,,,Forma de pago / Payment plan 1,30%,61361,20454,20454,102268,204535,,Forma de pago / Payment plan 2,50%,102268,,,102268,204535,426,Forma de pago / Payment plan 3,80%,163628,40907,204535,818,,,,,,,,,,,,,,,22,,4736600,236830,0,4499770,15,326662,5%,16333,310329,,SOLAR,311,STUDIO,36,387,"$215,300",5%,"$10,765","$204,535",,,$55,$75,$95,$140,,,,,,,,"$19,375.00","$5,812.50","$3,000.00","$1,512.00",$204.54,4.32%,,,,,,,,,,,,,,,,,,,,,,,,,,,,,,
PLAYA DEL CARMEN,https://static.wixstatic.com/media/5ed051_34dd7a4ddb214a4f9319234c69f1f8c7~mv2.jpg,SOLAR,314,STUDIO,40,434,253300,5%,12665,240635,💰 Cotizar,,,,,,,,,,,,,,,,,,,Forma de pago / Payment plan 1,30%,72191,24064,24064,120318,240635,,Forma de pago / Payment plan 2,50%,120318,,,120318,240635,501,Forma de pago / Payment plan 3,80%,192508,48127,240635,963,,,,,,,,,,,,,,,22,,5572600,278630,0,5293970,15,384317,5%,19216,365101,,SOLAR,314,STUDIO,40,434,"$253,300",5%,"$12,665","$240,635",,,$55,$75,$95,$140,,,,,,,,"$19,375.00","$5,812.50","$3,000.00","$1,680.00",$240.64,3.59%,,,,,,,,,,,,,,,,,,,,,,,,,,,,,,
PLAYA DEL CARMEN,https://static.wixstatic.com/media/5ed051_022bbb16400841c89d011e3b7a1d4249~mv2.jpg,SOLAR,410,STUDIO,37,394,224700,5%,11235,213465,💰 Cotizar,,,,,,,,,,,,,,,,,,,Forma de pago / Payment plan 1,30%,64040,21347,21347,106733,213465,,Forma de pago / Payment plan 2,50%,106733,,,106733,213465,445,Forma de pago / Payment plan 3,80%,170772,42693,213465,854,,,,,,,,,,,,,,,22,,4943400,247170,0,4696230,15,340924,5%,17046,323878,,SOLAR,410,STUDIO,37,394,"$224,700",5%,"$11,235","$213,465",,,$55,$75,$95,$140,,,,,,,,"$19,375.00","$5,812.50","$3,000.00","$1,554.00",$213.47,4.12%,,,,,,,,,,,,,,,,,,,,,,,,,,,,,,
PLAYA DEL CARMEN,https://static.wixstatic.com/media/5ed051_e3f2f6210f724fd8bccd8c7bff45ceec~mv2.jpg,SOLAR,411,STUDIO,36,387,224700,5%,11235,213465,💰 Cotizar,,,,,,,,,,,,,,,,,,,Forma de pago / Payment plan 1,30%,64040,21347,21347,106733,213465,,Forma de pago / Payment plan 2,50%,106733,,,106733,213465,445,Forma de pago / Payment plan 3,80%,170772,42693,213465,854,,,,,,,,,,,,,,,22,,4943400,247170,0,4696230,15,340924,5%,17046,323878,,SOLAR,411,STUDIO,36,387,"$224,700",5%,"$11,235","$213,465",,,$55,$75,$95,$140,,,,,,,,"$19,375.00","$5,812.50","$3,000.00","$1,512.00",$213.47,4.14%,,,,,,,,,,,,,,,,,,,,,,,,,,,,,,
PLAYA DEL CARMEN,https://static.wixstatic.com/media/5ed051_8c26dac8b969404f9800b9f99cc86b06~mv2.jpg,SOLAR,413,STUDIO,32,343,241700,10%,24170,217530,💰 Cotizar,,,,,,,,,,,,,,,,,,,Forma de pago / Payment plan 1,30%,65259,21753,21753,108765,217530,,Forma de pago / Payment plan 2,50%,108765,,,108765,217530,453,Forma de pago / Payment plan 3,80%,174024,43506,217530,870,,,,,,,,,,,,,,,22,,5317400,531740,0,4785660,15,366717,10%,36672,330046,,SOLAR,413,STUDIO,32,343,"$241,700",10%,"$24,170","$217,530",,,$55,$75,$95,$140,,,,,,,,"$19,375.00","$5,812.50","$3,000.00","$1,344.00",$217.53,4.14%,,,,,,,,,,,,,,,,,,,,,,,,,,,,,,
PLAYA DEL CARMEN,https://static.wixstatic.com/media/5ed051_f73d7011a88f42058aaf7e816d81efd9~mv2.jpg,SOLAR,415,STUDIO,32,343,241700,10%,24170,217530,💰 Cotizar,,,,,,,,,,,,,,,,,,,Forma de pago / Payment plan 1,30%,65259,21753,21753,108765,217530,,Forma de pago / Payment plan 2,50%,108765,,,108765,217530,453,Forma de pago / Payment plan 3,80%,174024,43506,217530,870,,,,,,,,,,,,,,,22,,5317400,531740,0,4785660,15,366717,10%,36672,330046,,SOLAR,415,STUDIO,32,343,"$241,700",10%,"$24,170","$217,530",,,$55,$75,$95,$140,,,,,,,,"$19,375.00","$5,812.50","$3,000.00","$1,344.00",$217.53,4.14%,,,,,,,,,,,,,,,,,,,,,,,,,,,,,,
PLAYA DEL CARMEN,https://static.wixstatic.com/media/5ed051_d1c0647d962346a492ec2a7d47ec09eb~mv2.jpg,SOLAR,416,STUDIO,32,343,241700,10%,24170,217530,💰 Cotizar,,,,,,,,,,,,,,,,,,,Forma de pago / Payment plan 1,30%,65259,21753,21753,108765,217530,,Forma de pago / Payment plan 2,50%,108765,,,108765,217530,453,Forma de pago / Payment plan 3,80%,174024,43506,217530,870,,,,,,,,,,,,,,,22,,5317400,531740,0,4785660,15,366717,10%,36672,330046,,SOLAR,416,STUDIO,32,343,"$241,700",10%,"$24,170","$217,530",,,$55,$75,$95,$140,,,,,,,,"$19,375.00","$5,812.50","$3,000.00","$1,344.00",$217.53,4.14%,,,,,,,,,,,,,,,,,,,,,,,,,,,,,,
PLAYA DEL CARMEN,https://static.wixstatic.com/media/5ed051_beea09551ca34af789d76231a99fb794~mv2.jpg,SOLAR,418,STUDIO,35,380,257100,10%,25710,231390,💰 Cotizar,,,,,,,,,,,,,,,,,,,Forma de pago / Payment plan 1,30%,69417,23139,23139,115695,231390,,Forma de pago / Payment plan 2,50%,115695,,,115695,231390,482,Forma de pago / Payment plan 3,80%,185112,46278,231390,926,,,,,,,,,,,,,,,22,,5656200,565620,0,5090580,15,390083,10%,39008,351074,,SOLAR,418,STUDIO,35,380,"$257,100",10%,"$25,710","$231,390",,,$55,$75,$95,$140,,,,,,,,"$19,375.00","$5,812.50","$3,000.00","$1,470.00",$231.39,3.83%,,,,,,,,,,,,,,,,,,,,,,,,,,,,,,
PLAYA DEL CARMEN,https://static.wixstatic.com/media/5ed051_429aeac3278942968a49184af56f2471~mv2.jpg,SOLAR,420,STUDIO,36,383,257100,10%,25710,231390,💰 Cotizar,,,,,,,,,,,,,,,,,,,Forma de pago / Payment plan 1,30%,69417,23139,23139,115695,231390,,Forma de pago / Payment plan 2,50%,115695,,,115695,231390,482,Forma de pago / Payment plan 3,80%,185112,46278,231390,926,,,,,,,,,,,,,,,22,,5656200,565620,0,5090580,15,390083,10%,39008,351074,,SOLAR,420,STUDIO,36,383,"$257,100",10%,"$25,710","$231,390",,,$55,$75,$95,$140,,,,,,,,"$19,375.00","$5,812.50","$3,000.00","$1,512.00",$231.39,3.81%,,,,,,,,,,,,,,,,,,,,,,,,,,,,,,
PLAYA DEL CARMEN,https://static.wixstatic.com/media/5ed051_1054543d0cbf464b808c89e1ec4c4326~mv2.jpg,SOLAR,422,STUDIO,36,385,257100,10%,25710,231390,💰 Cotizar,,,,,,,,,,,,,,,,,,,Forma de pago / Payment plan 1,30%,69417,23139,23139,115695,231390,,Forma de pago / Payment plan 2,50%,115695,,,115695,231390,482,Forma de pago / Payment plan 3,80%,185112,46278,231390,926,,,,,,,,,,,,,,,22,,5656200,565620,0,5090580,15,390083,10%,39008,351074,,SOLAR,422,STUDIO,36,385,"$257,100",10%,"$25,710","$231,390",,,$55,$75,$95,$140,,,,,,,,"$19,375.00","$5,812.50","$3,000.00","$1,512.00",$231.39,3.81%,,,,,,,,,,,,,,,,,,,,,,,,,,,,,,
PLAYA DEL CARMEN,https://static.wixstatic.com/media/5ed051_da0a428665484d4bb1029b988eb3afa7~mv2.jpg,SOLAR,424,STUDIO,37,402,254900,10%,25490,229410,💰 Cotizar,,,,,,,,,,,,,,,,,,,Forma de pago / Payment plan 1,30%,68823,22941,22941,114705,229410,,Forma de pago / Payment plan 2,50%,114705,,,114705,229410,478,Forma de pago / Payment plan 3,80%,183528,45882,229410,918,,,,,,,,,,,,,,,22,,5607800,560780,0,5047020,15,386745,10%,38674,348070,,SOLAR,424,STUDIO,37,402,"$254,900",10%,"$25,490","$229,410",,,$55,$75,$95,$140,,,,,,,,"$19,375.00","$5,812.50","$3,000.00","$1,554.00",$229.41,3.83%,,,,,,,,,,,,,,,,,,,,,,,,,,,,,,
PLAYA DEL CARMEN,https://static.wixstatic.com/media/5ed051_74b1e97bbf124953beb4ec2a859d0e39~mv2.jpg,SOLAR,502,STUDIO,36,385,257100,10%,25710,231390,💰 Cotizar,,,,,,,,,,,,,,,,,,,Forma de pago / Payment plan 1,30%,69417,23139,23139,115695,231390,,Forma de pago / Payment plan 2,50%,115695,,,115695,231390,482,Forma de pago / Payment plan 3,80%,185112,46278,231390,926,,,,,,,,,,,,,,,22,,5656200,565620,0,5090580,15,390083,10%,39008,351074,,SOLAR,502,STUDIO,36,385,"$257,100",10%,"$25,710","$231,390",,,$55,$75,$95,$140,,,,,,,,"$19,375.00","$5,812.50","$3,000.00","$1,512.00",$231.39,3.81%,,,,,,,,,,,,,,,,,,,,,,,,,,,,,,
PLAYA DEL CARMEN,https://static.wixstatic.com/media/5ed051_90c0405776e54bea9adc3406633a279a~mv2.jpg,SOLAR,504,STUDIO,33,352,257100,10%,25710,231390,💰 Cotizar,,,,,,,,,,,,,,,,,,,Forma de pago / Payment plan 1,30%,69417,23139,23139,115695,231390,,Forma de pago / Payment plan 2,50%,115695,,,115695,231390,482,Forma de pago / Payment plan 3,80%,185112,46278,231390,926,,,,,,,,,,,,,,,22,,5656200,565620,0,5090580,15,390083,10%,39008,351074,,SOLAR,504,STUDIO,33,352,"$257,100",10%,"$25,710","$231,390",,,$55,$75,$95,$140,,,,,,,,"$19,375.00","$5,812.50","$3,000.00","$1,386.00",$231.39,3.87%,,,,,,,,,,,,,,,,,,,,,,,,,,,,,,
PLAYA DEL CARMEN,https://static.wixstatic.com/media/5ed051_40b9fea7978b4065bd38a041f1d133d0~mv2.jpg,SOLAR,505,STUDIO,28,307,237500,10%,23750,213750,💰 Cotizar,,,,,,,,,,,,,,,,,,,Forma de pago / Payment plan 1,30%,64125,21375,21375,106875,213750,,Forma de pago / Payment plan 2,50%,106875,,,106875,213750,445,Forma de pago / Payment plan 3,80%,171000,42750,213750,855,,,,,,,,,,,,,,,22,,5225000,522500,0,4702500,15,360345,10%,36034,324310,,SOLAR,505,STUDIO,28,307,"$237,500",10%,"$23,750","$213,750",,,$55,$75,$95,$140,,,,,,,,"$19,375.00","$5,812.50","$3,000.00","$1,176.00",$213.75,4.29%,,,,,,,,,,,,,,,,,,,,,,,,,,,,,,
PLAYA DEL CARMEN,https://static.wixstatic.com/media/5ed051_3820b0e35bf642e39ac8cef10fd1b637~mv2.jpg,SOLAR,506,STUDIO,29,311,233300,10%,23330,209970,💰 Cotizar,,,,,,,,,,,,,,,,,,,Forma de pago / Payment plan 1,30%,62991,20997,20997,104985,209970,,Forma de pago / Payment plan 2,50%,104985,,,104985,209970,437,Forma de pago / Payment plan 3,80%,167976,41994,209970,840,,,,,,,,,,,,,,,22,,5132600,513260,0,4619340,15,353972,10%,35397,318575,,SOLAR,506,STUDIO,29,311,"$233,300",10%,"$23,330","$209,970",,,$55,$75,$95,$140,,,,,,,,"$19,375.00","$5,812.50","$3,000.00","$1,218.00",$209.97,4.35%,,,,,,,,,,,,,,,,,,,,,,,,,,,,,,
PLAYA DEL CARMEN,https://static.wixstatic.com/media/5ed051_4839eac17af5404ab6633231de443287~mv2.jpg,SOLAR,507,STUDIO,29,312,233300,10%,23330,209970,💰 Cotizar,,,,,,,,,,,,,,,,,,,Forma de pago / Payment plan 1,30%,62991,20997,20997,104985,209970,,Forma de pago / Payment plan 2,50%,104985,,,104985,209970,437,Forma de pago / Payment plan 3,80%,167976,41994,209970,840,,,,,,,,,,,,,,,22,,5132600,513260,0,4619340,15,353972,10%,35397,318575,,SOLAR,507,STUDIO,29,312,"$233,300",10%,"$23,330","$209,970",,,$55,$75,$95,$140,,,,,,,,"$19,375.00","$5,812.50","$3,000.00","$1,218.00",$209.97,4.35%,,,,,,,,,,,,,,,,,,,,,,,,,,,,,,
PLAYA DEL CARMEN,https://static.wixstatic.com/media/5ed051_0ca77cade9cf46f686dbaddab5c96272~mv2.jpg,SOLAR,508,STUDIO,29,312,233300,10%,23330,209970,💰 Cotizar,,,,,,,,,,,,,,,,,,,Forma de pago / Payment plan 1,30%,62991,20997,20997,104985,209970,,Forma de pago / Payment plan 2,50%,104985,,,104985,209970,437,Forma de pago / Payment plan 3,80%,167976,41994,209970,840,,,,,,,,,,,,,,,22,,5132600,513260,0,4619340,15,353972,10%,35397,318575,,SOLAR,508,STUDIO,29,312,"$233,300",10%,"$23,330","$209,970",,,$55,$75,$95,$140,,,,,,,,"$19,375.00","$5,812.50","$3,000.00","$1,218.00",$209.97,4.35%,,,,,,,,,,,,,,,,,,,,,,,,,,,,,,
PLAYA DEL CARMEN,https://static.wixstatic.com/media/5ed051_ebc76f4dd25e46e3a79f62bf79804d4e~mv2.jpg,SOLAR,509,STUDIO,32,343,252900,10%,25290,227610,💰 Cotizar,,,,,,,,,,,,,,,,,,,Forma de pago / Payment plan 1,30%,68283,22761,22761,113805,227610,,Forma de pago / Payment plan 2,50%,113805,,,113805,227610,474,Forma de pago / Payment plan 3,80%,182088,45522,227610,910,,,,,,,,,,,,,,,22,,5563800,556380,0,5007420,15,383710,10%,38371,345339,,SOLAR,509,STUDIO,32,343,"$252,900",10%,"$25,290","$227,610",,,$55,$75,$95,$140,,,,,,,,"$19,375.00","$5,812.50","$3,000.00","$1,344.00",$227.61,3.95%,,,,,,,,,,,,,,,,,,,,,,,,,,,,,,
PLAYA DEL CARMEN,https://static.wixstatic.com/media/5ed051_1e21c74e8e2c46baa6178e4d02350fb8~mv2.jpg,SOLAR,510,STUDIO,37,394,236500,5%,11825,224675,💰 Cotizar,,,,,,,,,,,,,,,,,,,Forma de pago / Payment plan 1,30%,67403,22468,22468,112338,224675,,Forma de pago / Payment plan 2,50%,112338,,,112338,224675,468,Forma de pago / Payment plan 3,80%,179740,44935,224675,899,,,,,,,,,,,,,,,22,,5203000,260150,0,4942850,15,358828,5%,17941,340886,,SOLAR,510,STUDIO,37,394,"$236,500",5%,"$11,825","$224,675",,,$55,$75,$95,$140,,,,,,,,"$19,375.00","$5,812.50","$3,000.00","$1,554.00",$224.68,3.91%,,,,,,,,,,,,,,,,,,,,,,,,,,,,,,
PLAYA DEL CARMEN,https://static.wixstatic.com/media/5ed051_6b90818d880642ac923cf7bdd42a36cf~mv2.jpg,SOLAR,511,STUDIO,36,387,236500,5%,11825,224675,💰 Cotizar,,,,,,,,,,,,,,,,,,,Forma de pago / Payment plan 1,30%,67403,22468,22468,112338,224675,,Forma de pago / Payment plan 2,50%,112338,,,112338,224675,468,Forma de pago / Payment plan 3,80%,179740,44935,224675,899,,,,,,,,,,,,,,,22,,5203000,260150,0,4942850,15,358828,5%,17941,340886,,SOLAR,511,STUDIO,36,387,"$236,500",5%,"$11,825","$224,675",,,$55,$75,$95,$140,,,,,,,,"$19,375.00","$5,812.50","$3,000.00","$1,512.00",$224.68,3.93%,,,,,,,,,,,,,,,,,,,,,,,,,,,,,,
PLAYA DEL CARMEN,https://static.wixstatic.com/media/5ed051_21726561e97a47f288f21ff580559c53~mv2.jpg,SOLAR,515,STUDIO,31,337,248200,10%,24820,223380,💰 Cotizar,,,,,,,,,,,,,,,,,,,Forma de pago / Payment plan 1,30%,67014,22338,22338,111690,223380,,Forma de pago / Payment plan 2,50%,111690,,,111690,223380,465,Forma de pago / Payment plan 3,80%,178704,44676,223380,894,,,,,,,,,,,,,,,22,,5460400,546040,0,4914360,15,376579,10%,37658,338921,,SOLAR,515,STUDIO,31,337,"$248,200",10%,"$24,820","$223,380",,,$55,$75,$95,$140,,,,,,,,"$19,375.00","$5,812.50","$3,000.00","$1,302.00",$223.38,4.05%,,,,,,,,,,,,,,,,,,,,,,,,,,,,,,
PLAYA DEL CARMEN,https://static.wixstatic.com/media/5ed051_0bbd483e935f4b6788dfe2f66927f0de~mv2.jpg,SOLAR,516,STUDIO,32,343,252900,10%,25290,227610,💰 Cotizar,,,,,,,,,,,,,,,,,,,Forma de pago / Payment plan 1,30%,68283,22761,22761,113805,227610,,Forma de pago / Payment plan 2,50%,113805,,,113805,227610,474,Forma de pago / Payment plan 3,80%,182088,45522,227610,910,,,,,,,,,,,,,,,22,,5563800,556380,0,5007420,15,383710,10%,38371,345339,,SOLAR,516,STUDIO,32,343,"$252,900",10%,"$25,290","$227,610",,,$55,$75,$95,$140,,,,,,,,"$19,375.00","$5,812.50","$3,000.00","$1,344.00",$227.61,3.95%,,,,,,,,,,,,,,,,,,,,,,,,,,,,,,
PLAYA DEL CARMEN,https://static.wixstatic.com/media/5ed051_7af7c267520746f297ebb1069ac9e683~mv2.jpg,SOLAR,518,STUDIO,42,451,260200,5%,13010,247190,💰 Cotizar,,,,,,,,,,,,,,,,,,,Forma de pago / Payment plan 1,30%,74157,24719,24719,123595,247190,,Forma de pago / Payment plan 2,50%,123595,,,123595,247190,515,Forma de pago / Payment plan 3,80%,197752,49438,247190,989,,,,,,,,,,,,,,,22,,5724400,286220,0,5438180,15,394786,5%,19739,375047,,SOLAR,518,STUDIO,42,451,"$260,200",5%,"$13,010","$247,190",,,$55,$75,$95,$140,,,,,,,,"$19,375.00","$5,812.50","$3,000.00","$1,764.00",$247.19,3.46%,,,,,,,,,,,,,,,,,,,,,,,,,,,,,,
PLAYA DEL CARMEN,https://static.wixstatic.com/media/5ed051_4c6d7a970b99457d994a91a8d7c669be~mv2.jpg,SOLAR,522,STUDIO,42,455,260200,5%,13010,247190,💰 Cotizar,,,,,,,,,,,,,,,,,,,Forma de pago / Payment plan 1,30%,74157,24719,24719,123595,247190,,Forma de pago / Payment plan 2,50%,123595,,,123595,247190,515,Forma de pago / Payment plan 3,80%,197752,49438,247190,989,,,,,,,,,,50%,123595,123595,242246,4944,22,,5724400,286220,0,5438180,15,394786,5%,19739,375047,,SOLAR,522,STUDIO,42,455,"$260,200",5%,"$13,010","$247,190",,,$55,$75,$95,$140,,,,,,,,"$19,375.00","$5,812.50","$3,000.00","$1,764.00",$247.19,3.46%,,,,,,,,,,,,,,,,,,,,,,,,,,,,,,
PLAYA DEL CARMEN,https://static.wixstatic.com/media/5ed051_7806dd1355514c498d288db9fd57e49f~mv2.jpg,SOLAR MT,1,STUDIO,32,345,206146,,0,206146,💰 Cotizar,,,,,,,,,,,,,,,,,,,Forma de pago / Payment plan 1,30%,61844,20615,20615,103073,206146,,Forma de pago / Payment plan 2,50%,98950,19790,19790,59370,197900,8246,Forma de pago / Payment plan 3,80%,156671,39168,195839,10307,,,,,,,,,,50%,103073,103073,202023,4123,22,,4535208,0,0,4535208,15,312773,0%,0,312773,,SOLAR MT,1,STUDIO,32,345,"$206,146",,,"$206,146",,,$55,$75,$95,$140,,,,,,,,"$19,375.00","$5,812.50","$3,000.00","$1,344.00",$206.15,4.37%,,,,,,,,,,,,,,,,,,,,,,,,,,,,,,
PLAYA DEL CARMEN,https://static.wixstatic.com/media/5ed051_d886c72724e04e529b3ed24f2fca0e17~mv2.jpg,SOLAR MT,2,STUDIO,53,574,348506,,0,348506,💰 Cotizar,,,,,,,,,,,,,,,,,,,Forma de pago / Payment plan 1,30%,104552,34851,34851,174253,348506,,Forma de pago / Payment plan 2,50%,167283,33457,33457,100370,334566,13940,Forma de pago / Payment plan 3,80%,264865,66216,331081,17425,,,,,,,,,,50%,174253,174253,341536,6970,22,,7667134,0,0,7667134,15,528768,0%,0,528768,,SOLAR MT,2,STUDIO,53,574,"$348,506",,,"$348,506",,,$55,$75,$95,$140,,,,,,,,"$19,375.00","$5,812.50","$3,000.00","$2,226.00",$348.51,2.29%,,,,,,,,,,,,,,,,,,,,,,,,,,,,,,
PLAYA DEL CARMEN,https://static.wixstatic.com/media/5ed051_45980ed48fd447ffb8b0ff3807d54ae5~mv2.jpg,SOLAR MT,4,STUDIO,53,574,348506,,0,348506,💰 Cotizar,,,,,,,,,,,,,,,,,,,Forma de pago / Payment plan 1,30%,104552,34851,34851,174253,348506,,Forma de pago / Payment plan 2,50%,167283,33457,33457,100370,334566,13940,Forma de pago / Payment plan 3,80%,264865,66216,331081,17425,,,,,,,,,,50%,174253,174253,341536,6970,22,,7667134,0,0,7667134,15,528768,0%,0,528768,,SOLAR MT,4,STUDIO,53,574,"$348,506",,,"$348,506",,,$55,$75,$95,$140,,,,,,,,"$19,375.00","$5,812.50","$3,000.00","$2,226.00",$348.51,2.29%,,,,,,,,,,,,,,,,,,,,,,,,,,,,,,
PLAYA DEL CARMEN,https://static.wixstatic.com/media/5ed051_4b0703044ad542ad8d42627a2bb44d68~mv2.jpg,SOLAR MT,6,STUDIO,53,574,348506,,0,348506,💰 Cotizar,,,,,,,,,,,,,,,,,,,Forma de pago / Payment plan 1,30%,104552,34851,34851,174253,348506,,Forma de pago / Payment plan 2,50%,167283,33457,33457,100370,334566,13940,Forma de pago / Payment plan 3,80%,264865,66216,331081,17425,,,,,,,,,,50%,174253,174253,341536,6970,22,,7667134,0,0,7667134,15,528768,0%,0,528768,,SOLAR MT,6,STUDIO,53,574,"$348,506",,,"$348,506",,,$55,$75,$95,$140,,,,,,,,"$19,375.00","$5,812.50","$3,000.00","$2,226.00",$348.51,2.29%,,,,,,,,,,,,,,,,,,,,,,,,,,,,,,
PLAYA DEL CARMEN,https://static.wixstatic.com/media/5ed051_51fd6337f5714b4fae34978b83d9d422~mv2.jpg,SOLAR MT,8,STUDIO,53,574,348506,,0,348506,💰 Cotizar,,,,,,,,,,,,,,,,,,,Forma de pago / Payment plan 1,30%,104552,34851,34851,174253,348506,,Forma de pago / Payment plan 2,50%,167283,33457,33457,100370,334566,13940,Forma de pago / Payment plan 3,80%,264865,66216,331081,17425,,,,,,,,,,50%,174253,174253,341536,6970,22,,7667134,0,0,7667134,15,528768,0%,0,528768,,SOLAR MT,8,STUDIO,53,574,"$348,506",,,"$348,506",,,$55,$75,$95,$140,,,,,,,,"$19,375.00","$5,812.50","$3,000.00","$2,226.00",$348.51,2.29%,,,,,,,,,,,,,,,,,,,,,,,,,,,,,,
PLAYA DEL CARMEN,https://static.wixstatic.com/media/5ed051_e350fa4d12be4afcbeed7b8fe34e3c69~mv2.jpg,SOLAR MT,10,STUDIO,96,1038,674116,,0,674116,💰 Cotizar,,,,,,,,,,,,,,,,,,,Forma de pago / Payment plan 1,30%,202235,67412,67412,337058,674116,,Forma de pago / Payment plan 2,50%,323575,64715,64715,194145,647151,26965,Forma de pago / Payment plan 3,80%,512328,128082,640410,33706,,,,,,,,,,50%,337058,337058,660633,13482,22,,14830543,0,0,14830543,15,1022796,0%,0,1022796,,SOLAR MT,10,STUDIO,96,1038,"$674,116",,,"$674,116",,,$55,$75,$95,$140,,,,,,,,"$19,375.00","$5,812.50","$3,000.00","$4,032.00",$674.12,0.87%,,,,,,,,,,,,,,,,,,,,,,,,,,,,,,
PLAYA DEL CARMEN,https://static.wixstatic.com/media/5ed051_b343407b765046758582b1ec3e8a4f95~mv2.jpg,SOLAR MT,11,STUDIO,34,365,218234,,0,218234,💰 Cotizar,,,,,,,,,,,,,,,,,,,Forma de pago / Payment plan 1,30%,65470,21823,21823,109117,218234,,Forma de pago / Payment plan 2,50%,104752,20950,20950,62851,209505,8729,Forma de pago / Payment plan 3,80%,165858,41464,207322,10912,,,,,,,,,,50%,109117,109117,213870,4365,22,,4801152,0,0,4801152,15,331114,0%,0,331114,,SOLAR MT,11,STUDIO,34,365,"$218,234",,,"$218,234",,,$55,$75,$95,$140,,,,,,,,"$19,375.00","$5,812.50","$3,000.00","$1,428.00",$218.23,4.09%,,,,,,,,,,,,,,,,,,,,,,,,,,,,,,
PLAYA DEL CARMEN,https://static.wixstatic.com/media/5ed051_99cc7cab9ebe4537828c2de325492fb7~mv2.jpg,SOLAR MT,101,STUDIO,33,360,218233,,0,218233,💰 Cotizar,,,,,,,,,,,,,,,,,,,Forma de pago / Payment plan 1,30%,65470,21823,21823,109116,218233,,Forma de pago / Payment plan 2,50%,104752,20950,20950,62851,209503,8729,Forma de pago / Payment plan 3,80%,165857,41464,207321,10912,,,,,,,,,,50%,109116,109116,213868,4365,22,,4801117,0,0,4801117,15,331112,0%,0,331112,,SOLAR MT,101,STUDIO,33,360,"$218,233",,,"$218,233",,,$55,$75,$95,$140,,,,,,,,"$19,375.00","$5,812.50","$3,000.00","$1,386.00",$218.23,4.10%,,,,,,,,,,,,,,,,,,,,,,,,,,,,,,
PLAYA DEL CARMEN,https://static.wixstatic.com/media/5ed051_16984b0151e543a5b15dd32cd4b874db~mv2.jpg,SOLAR MT,102,STUDIO,33,360,218233,,0,218233,💰 Cotizar,,,,,,,,,,,,,,,,,,,Forma de pago / Payment plan 1,30%,65470,21823,21823,109116,218233,,Forma de pago / Payment plan 2,50%,104752,20950,20950,62851,209503,8729,Forma de pago / Payment plan 3,80%,165857,41464,207321,10912,,,,,,,,,,50%,109116,109116,213868,4365,22,,4801117,0,0,4801117,15,331112,0%,0,331112,,SOLAR MT,102,STUDIO,33,360,"$218,233",,,"$218,233",,,$55,$75,$95,$140,,,,,,,,"$19,375.00","$5,812.50","$3,000.00","$1,386.00",$218.23,4.10%,,,,,,,,,,,,,,,,,,,,,,,,,,,,,,
PLAYA DEL CARMEN,https://static.wixstatic.com/media/5ed051_2efbdcf0309b4a3da51b714a188cbaed~mv2.jpg,SOLAR MT,103,STUDIO,33,350,212486,,0,212486,💰 Cotizar,,,,,,,,,,,,,,,,,,,Forma de pago / Payment plan 1,30%,63746,21249,21249,106243,212486,,Forma de pago / Payment plan 2,50%,101993,20399,20399,61196,203987,8499,Forma de pago / Payment plan 3,80%,161490,40372,201862,10624,,,,,,,,,,50%,106243,106243,208236,4250,22,,4674696,0,0,4674696,15,322393,0%,0,322393,,SOLAR MT,103,STUDIO,33,350,"$212,486",,,"$212,486",,,$55,$75,$95,$140,,,,,,,,"$19,375.00","$5,812.50","$3,000.00","$1,386.00",$212.49,4.22%,,,,,,,,,,,,,,,,,,,,,,,,,,,,,,
PLAYA DEL CARMEN,https://static.wixstatic.com/media/5ed051_68fa6e2ead614f94861721404ac8bd54~mv2.jpg,SOLAR MT,104,1 RECAMARA,81,873,567169,5%,28358,538810,💰 Cotizar,,,,,,,,,,,,,,,,,,,Forma de pago / Payment plan 1,30%,161643,53881,53881,269405,538810,,Forma de pago / Payment plan 2,50%,258062,51612,51612,154837,516123,22687,Forma de pago / Payment plan 3,80%,409496,102374,511870,28358,,,,,,,,,,50%,269405,269405,528034,10776,22,,12477709,623885,0,11853824,15,860532,5%,43027,817505,,SOLAR MT,104,1 RECAMARA,81,873,"$567,169",5%,"$28,358","$538,810",,,$90,$130,$150,$200,,,,,,,,"$31,416.00","$9,424.80","$3,000.00","$3,402.00",$538.81,2.79%,,,,,,,,,,,,,,,,,,,,,,,,,,,,,,
PLAYA DEL CARMEN,https://static.wixstatic.com/media/5ed051_4d09d0ac981c4528adb17309e694c357~mv2.jpg,SOLAR MT,105,STUDIO,32,345,206146,,0,206146,💰 Cotizar,,,,,,,,,,,,,,,,,,,Forma de pago / Payment plan 1,30%,61844,20615,20615,103073,206146,,Forma de pago / Payment plan 2,50%,98950,19790,19790,59370,197900,8246,Forma de pago / Payment plan 3,80%,156671,39168,195839,10307,,,,,,,,,,50%,103073,103073,202023,4123,22,,4535208,0,0,4535208,15,312773,0%,0,312773,,SOLAR MT,105,STUDIO,32,345,"$206,146",,,"$206,146",,,$55,$75,$95,$140,,,,,,,,"$19,375.00","$5,812.50","$3,000.00","$1,344.00",$206.15,4.37%,,,,,,,,,,,,,,,,,,,,,,,,,,,,,,
PLAYA DEL CARMEN,https://static.wixstatic.com/media/5ed051_bd6870c8ec004a119c0c237670f2ab32~mv2.jpg,SOLAR MT,106,STUDIO,33,360,218233,,0,218233,💰 Cotizar,,,,,,,,,,,,,,,,,,,Forma de pago / Payment plan 1,30%,65470,21823,21823,109116,218233,,Forma de pago / Payment plan 2,50%,104752,20950,20950,62851,209503,8729,Forma de pago / Payment plan 3,80%,165857,41464,207321,10912,,,,,,,,,,50%,109116,109116,213868,4365,22,,4801117,0,0,4801117,15,331112,0%,0,331112,,SOLAR MT,106,STUDIO,33,360,"$218,233",,,"$218,233",,,$55,$75,$95,$140,,,,,,,,"$19,375.00","$5,812.50","$3,000.00","$1,386.00",$218.23,4.10%,,,,,,,,,,,,,,,,,,,,,,,,,,,,,,
PLAYA DEL CARMEN,https://static.wixstatic.com/media/5ed051_42559d9fea21465a8009c81df1bd304a~mv2.jpg,SOLAR MT,107,STUDIO,28,304,181905,,0,181905,💰 Cotizar,,,,,,,,,,,,,,,,,,,Forma de pago / Payment plan 1,30%,54571,18190,18190,90952,181905,,Forma de pago / Payment plan 2,50%,87314,17463,17463,52389,174629,7276,Forma de pago / Payment plan 3,80%,138248,34562,172809,9095,,,,,,,,,,50%,90952,90952,178267,3638,22,,4001903,0,0,4001903,15,275993,0,0,275993,,SOLAR MT,107,STUDIO,28,304,"$181,905",,,"$181,905",,,$55,$75,$95,$140,,,,,,,,"$19,375.00","$5,812.50","$3,000.00","$1,176.00",$181.90,5.06%,,,,,,,,,,,,,,,,,,,,,,,,,,,,,,
PLAYA DEL CARMEN,https://static.wixstatic.com/media/5ed051_e32b60c882114b49b3452a7120e283c1~mv2.jpg,SOLAR MT,108,STUDIO,33,360,218233,,0,218233,💰 Cotizar,,,,,,,,,,,,,,,,,,,Forma de pago / Payment plan 1,30%,65470,21823,21823,109116,218233,,Forma de pago / Payment plan 2,50%,104752,20950,20950,62851,209503,8729,Forma de pago / Payment plan 3,80%,165857,41464,207321,10912,,,,,,,,,,50%,109116,109116,213868,4365,22,,4801117,0,0,4801117,15,331112,0%,0,331112,,SOLAR MT,108,STUDIO,33,360,"$218,233",,,"$218,233",,,$55,$75,$95,$140,,,,,,,,"$19,375.00","$5,812.50","$3,000.00","$1,386.00",$218.23,4.10%,,,,,,,,,,,,,,,,,,,,,,,,,,,,,,
PLAYA DEL CARMEN,https://static.wixstatic.com/media/5ed051_447137f18693408b9ba3d1d25a6057d1~mv2.jpg,SOLAR MT,110,STUDIO,33,360,218233,,0,218233,💰 Cotizar,,,,,,,,,,,,,,,,,,,Forma de pago / Payment plan 1,30%,65470,21823,21823,109116,218233,,Forma de pago / Payment plan 2,50%,104752,20950,20950,62851,209503,8729,Forma de pago / Payment plan 3,80%,165857,41464,207321,10912,,,,,,,,,,50%,109116,109116,213868,4365,22,,4801117,0,0,4801117,15,331112,0%,0,331112,,SOLAR MT,110,STUDIO,33,360,"$218,233",,,"$218,233",,,$55,$75,$95,$140,,,,,,,,"$19,375.00","$5,812.50","$3,000.00","$1,386.00",$218.23,4.10%,,,,,,,,,,,,,,,,,,,,,,,,,,,,,,
PLAYA DEL CARMEN,https://static.wixstatic.com/media/5ed051_db630ae1e6544758b3f8fa55c3515ff9~mv2.jpg,SOLAR MT,112,STUDIO,33,360,218233,,0,218233,💰 Cotizar,,,,,,,,,,,,,,,,,,,Forma de pago / Payment plan 1,30%,65470,21823,21823,109116,218233,,Forma de pago / Payment plan 2,50%,104752,20950,20950,62851,209503,8729,Forma de pago / Payment plan 3,80%,165857,41464,207321,10912,,,,,,,,,,50%,109116,109116,213868,4365,22,,4801117,0,0,4801117,15,331112,0%,0,331112,,SOLAR MT,112,STUDIO,33,360,"$218,233",,,"$218,233",,,$55,$75,$95,$140,,,,,,,,"$19,375.00","$5,812.50","$3,000.00","$1,386.00",$218.23,4.10%,,,,,,,,,,,,,,,,,,,,,,,,,,,,,,
PLAYA DEL CARMEN,https://static.wixstatic.com/media/5ed051_a9d821e67a6944ceaacb1729056cf312~mv2.jpg,SOLAR MT,114,STUDIO,33,360,218233,,0,218233,💰 Cotizar,,,,,,,,,,,,,,,,,,,Forma de pago / Payment plan 1,30%,65470,21823,21823,109116,218233,,Forma de pago / Payment plan 2,50%,104752,20950,20950,62851,209503,8729,Forma de pago / Payment plan 3,80%,165857,41464,207321,10912,,,,,,,,,,50%,109116,109116,213868,4365,22,,4801117,0,0,4801117,15,331112,0%,0,331112,,SOLAR MT,114,STUDIO,33,360,"$218,233",,,"$218,233",,,$55,$75,$95,$140,,,,,,,,"$19,375.00","$5,812.50","$3,000.00","$1,386.00",$218.23,4.10%,,,,,,,,,,,,,,,,,,,,,,,,,,,,,,
PLAYA DEL CARMEN,https://static.wixstatic.com/media/5ed051_67c573538aa54bdf9f5d917e4b58511e~mv2.jpg,SOLAR MT,115,STUDIO,34,365,218234,,0,218234,💰 Cotizar,,,,,,,,,,,,,,,,,,,Forma de pago / Payment plan 1,30%,65470,21823,21823,109117,218234,,Forma de pago / Payment plan 2,50%,104752,20950,20950,62851,209505,8729,Forma de pago / Payment plan 3,80%,165858,41464,207322,10912,,,,,,,,,,50%,109117,109117,213870,4365,22,,4801152,0,0,4801152,15,331114,0%,0,331114,,SOLAR MT,115,STUDIO,34,365,"$218,234",,,"$218,234",,,$55,$75,$95,$140,,,,,,,,"$19,375.00","$5,812.50","$3,000.00","$1,428.00",$218.23,4.09%,,,,,,,,,,,,,,,,,,,,,,,,,,,,,,
PLAYA DEL CARMEN,https://static.wixstatic.com/media/5ed051_55c31de47996482c9f5aafdf3a6cf832~mv2.jpg,SOLAR MT,116,1 RECAMARA,56,612,371753,5%,18588,353165,💰 Cotizar,,,,,,,,,,,,,,,,,,,Forma de pago / Payment plan 1,30%,105950,35317,35317,176583,353165,,Forma de pago / Payment plan 2,50%,169148,33830,33830,101489,338295,14870,Forma de pago / Payment plan 3,80%,268406,67101,335507,18588,,,,,,,,,,50%,176583,176583,346102,7063,22,,8178564,408928,0,7769636,15,564039,5%,28202,535837,,SOLAR MT,116,1 RECAMARA,56,612,"$371,753",5%,"$18,588","$353,165",,,$90,$130,$150,$200,,,,,,,,"$31,416.00","$9,424.80","$3,000.00","$2,352.00",$353.17,4.61%,,,,,,,,,,,,,,,,,,,,,,,,,,,,,,
PLAYA DEL CARMEN,https://static.wixstatic.com/media/5ed051_0e113b212c0947d5a0a71aaf44e66eca~mv2.jpg,SOLAR MT,117,STUDIO,33,360,218233,,0,218233,💰 Cotizar,,,,,,,,,,,,,,,,,,,Forma de pago / Payment plan 1,30%,65470,21823,21823,109116,218233,,Forma de pago / Payment plan 2,50%,104752,20950,20950,62851,209503,8729,Forma de pago / Payment plan 3,80%,165857,41464,207321,10912,,,,,,,,,,50%,109116,109116,213868,4365,22,,4801117,0,0,4801117,15,331112,0%,0,331112,,SOLAR MT,117,STUDIO,33,360,"$218,233",,,"$218,233",,,$55,$75,$95,$140,,,,,,,,"$19,375.00","$5,812.50","$3,000.00","$1,386.00",$218.23,4.10%,,,,,,,,,,,,,,,,,,,,,,,,,,,,,,
PLAYA DEL CARMEN,https://static.wixstatic.com/media/5ed051_427e6a2e29634ff0b0522e55f7fb66c2~mv2.jpg,SOLAR MT,118,STUDIO,33,360,218233,,0,218233,💰 Cotizar,,,,,,,,,,,,,,,,,,,Forma de pago / Payment plan 1,30%,65470,21823,21823,109116,218233,,Forma de pago / Payment plan 2,50%,104752,20950,20950,62851,209503,8729,Forma de pago / Payment plan 3,80%,165857,41464,207321,10912,,,,,,,,,,50%,109116,109116,213868,4365,22,,4801117,0,0,4801117,15,331112,0%,0,331112,,SOLAR MT,118,STUDIO,33,360,"$218,233",,,"$218,233",,,$55,$75,$95,$140,,,,,,,,"$19,375.00","$5,812.50","$3,000.00","$1,386.00",$218.23,4.10%,,,,,,,,,,,,,,,,,,,,,,,,,,,,,,
PLAYA DEL CARMEN,https://static.wixstatic.com/media/5ed051_489454e8265b4082a17f13ba54132d61~mv2.jpg,SOLAR MT,119,STUDIO,32,345,206146,,0,206146,💰 Cotizar,,,,,,,,,,,,,,,,,,,Forma de pago / Payment plan 1,30%,61844,20615,20615,103073,206146,,Forma de pago / Payment plan 2,50%,98950,19790,19790,59370,197900,8246,Forma de pago / Payment plan 3,80%,156671,39168,195839,10307,,,,,,,,,,50%,103073,103073,202023,4123,22,,4535208,0,0,4535208,15,312773,0%,0,312773,,SOLAR MT,119,STUDIO,32,345,"$206,146",,,"$206,146",,,$55,$75,$95,$140,,,,,,,,"$19,375.00","$5,812.50","$3,000.00","$1,344.00",$206.15,4.37%,,,,,,,,,,,,,,,,,,,,,,,,,,,,,,
PLAYA DEL CARMEN,https://static.wixstatic.com/media/5ed051_271f56a453bd417e9c84656d3d50ff92~mv2.jpg,SOLAR MT,120,STUDIO,33,356,216208,,0,216208,💰 Cotizar,,,,,,,,,,,,,,,,,,,Forma de pago / Payment plan 1,30%,64862,21621,21621,108104,216208,,Forma de pago / Payment plan 2,50%,103780,20756,20756,62268,207560,8648,Forma de pago / Payment plan 3,80%,164318,41080,205398,10810,,,,,,,,,,50%,108104,108104,211884,4324,22,,4756583,0,0,4756583,15,328040,0%,0,328040,,SOLAR MT,120,STUDIO,33,356,"$216,208",,,"$216,208",,,$55,$75,$95,$140,,,,,,,,"$19,375.00","$5,812.50","$3,000.00","$1,386.00",$216.21,4.14%,,,,,,,,,,,,,,,,,,,,,,,,,,,,,,
PLAYA DEL CARMEN,https://static.wixstatic.com/media/5ed051_33e97c5f45f74dd7b8954101d2d1fccf~mv2.jpg,SOLAR MT,121,1 RECAMARA,81,873,567169,5%,28358,538810,💰 Cotizar,,,,,,,,,,,,,,,,,,,Forma de pago / Payment plan 1,30%,161643,53881,53881,269405,538810,,Forma de pago / Payment plan 2,50%,258062,51612,51612,154837,516123,22687,Forma de pago / Payment plan 3,80%,409496,102374,511870,28358,,,,,,,,,,50%,269405,269405,528034,10776,22,,12477709,623885,0,11853824,15,860532,5%,43027,817505,,SOLAR MT,121,1 RECAMARA,81,873,"$567,169",5%,"$28,358","$538,810",,,$90,$130,$150,$200,,,,,,,,"$31,416.00","$9,424.80","$3,000.00","$3,402.00",$538.81,2.79%,,,,,,,,,,,,,,,,,,,,,,,,,,,,,,
PLAYA DEL CARMEN,https://static.wixstatic.com/media/5ed051_4199d9647afd4e6c9d86a705c9503ea1~mv2.jpg,SOLAR MT,122,STUDIO,33,360,233606,,0,233606,💰 Cotizar,,,,,,,,,,,,,,,,,,,Forma de pago / Payment plan 1,30%,70082,23361,23361,116803,233606,,Forma de pago / Payment plan 2,50%,112131,22426,22426,67278,224262,9344,Forma de pago / Payment plan 3,80%,177540,44385,221926,11680,,,,,,,,,,50%,116803,116803,228934,4672,22,,5139328,0,0,5139328,15,354436,0%,0,354436,,SOLAR MT,122,STUDIO,33,360,"$233,606",,,"$233,606",,,$55,$75,$95,$140,,,,,,,,"$19,375.00","$5,812.50","$3,000.00","$1,386.00",$233.61,3.83%,,,,,,,,,,,,,,,,,,,,,,,,,,,,,,
PLAYA DEL CARMEN,https://static.wixstatic.com/media/5ed051_2b9b44a588c547709b9465a35c53532d~mv2.jpg,SOLAR MT,124,STUDIO,33,360,233606,,0,233606,💰 Cotizar,,,,,,,,,,,,,,,,,,,Forma de pago / Payment plan 1,30%,70082,23361,23361,116803,233606,,Forma de pago / Payment plan 2,50%,112131,22426,22426,67278,224262,9344,Forma de pago / Payment plan 3,80%,177540,44385,221926,11680,,,,,,,,,,50%,116803,116803,228934,4672,22,,5139328,0,0,5139328,15,354436,0%,0,354436,,SOLAR MT,124,STUDIO,33,360,"$233,606",,,"$233,606",,,$55,$75,$95,$140,,,,,,,,"$19,375.00","$5,812.50","$3,000.00","$1,386.00",$233.61,3.83%,,,,,,,,,,,,,,,,,,,,,,,,,,,,,,
PLAYA DEL CARMEN,https://static.wixstatic.com/media/5ed051_294e9fef28ec46489076321de47803ba~mv2.jpg,SOLAR MT,125,STUDIO,38,409,244211,,0,244211,💰 Cotizar,,,,,,,,,,,,,,,,,,,Forma de pago / Payment plan 1,30%,73263,24421,24421,122106,244211,,Forma de pago / Payment plan 2,50%,117221,23444,23444,70333,234443,9768,Forma de pago / Payment plan 3,80%,185601,46400,232001,12211,,,,,,,,,,50%,122106,122106,239327,4884,22,,5372651,0,0,5372651,15,370528,0%,0,370528,,SOLAR MT,125,STUDIO,38,409,"$244,211",,,"$244,211",,,$55,$75,$95,$140,,,,,,,,"$19,375.00","$5,812.50","$3,000.00","$1,596.00",$244.21,3.57%,,,,,,,,,,,,,,,,,,,,,,,,,,,,,,
PLAYA DEL CARMEN,https://static.wixstatic.com/media/5ed051_a6d9da0ae2b24fa1b1b34b2edec58a97~mv2.jpg,SOLAR MT,126,STUDIO,33,360,233606,,0,233606,💰 Cotizar,,,,,,,,,,,,,,,,,,,Forma de pago / Payment plan 1,30%,70082,23361,23361,116803,233606,,Forma de pago / Payment plan 2,50%,112131,22426,22426,67278,224262,9344,Forma de pago / Payment plan 3,80%,177540,44385,221926,11680,,,,,,,,,,50%,116803,116803,228934,4672,22,,5139328,0,0,5139328,15,354436,0%,0,354436,,SOLAR MT,126,STUDIO,33,360,"$233,606",,,"$233,606",,,$55,$75,$95,$140,,,,,,,,"$19,375.00","$5,812.50","$3,000.00","$1,386.00",$233.61,3.83%,,,,,,,,,,,,,,,,,,,,,,,,,,,,,,
PLAYA DEL CARMEN,https://static.wixstatic.com/media/5ed051_ae5b6c38af204f46a04d824db94c9fb3~mv2.jpg,SOLAR MT,128,STUDIO,33,360,233606,,0,233606,💰 Cotizar,,,,,,,,,,,,,,,,,,,Forma de pago / Payment plan 1,30%,70082,23361,23361,116803,233606,,Forma de pago / Payment plan 2,50%,112131,22426,22426,67278,224262,9344,Forma de pago / Payment plan 3,80%,177540,44385,221926,11680,,,,,,,,,,50%,116803,116803,228934,4672,22,,5139328,0,0,5139328,15,354436,0%,0,354436,,SOLAR MT,128,STUDIO,33,360,"$233,606",,,"$233,606",,,$55,$75,$95,$140,,,,,,,,"$19,375.00","$5,812.50","$3,000.00","$1,386.00",$233.61,3.83%,,,,,,,,,,,,,,,,,,,,,,,,,,,,,,
PLAYA DEL CARMEN,https://static.wixstatic.com/media/5ed051_0820a3a80d1a41cf8ebb3723e7466aea~mv2.jpg,SOLAR MT,129,STUDIO,28,304,181905,,0,181905,💰 Cotizar,,,,,,,,,,,,,,,,,,,Forma de pago / Payment plan 1,30%,54571,18190,18190,90952,181905,,Forma de pago / Payment plan 2,50%,87314,17463,17463,52389,174629,7276,Forma de pago / Payment plan 3,80%,138248,34562,172809,9095,,,,,,,,,,50%,90952,90952,178267,3638,22,,4001903,0,0,4001903,15,275993,0%,0,275993,,SOLAR MT,129,STUDIO,28,304,"$181,905",,,"$181,905",,,$55,$75,$95,$140,,,,,,,,"$19,375.00","$5,812.50","$3,000.00","$1,176.00",$181.90,5.06%,,,,,,,,,,,,,,,,,,,,,,,,,,,,,,
PLAYA DEL CARMEN,https://static.wixstatic.com/media/5ed051_e2a67613464144a4b138e25ea84eaea9~mv2.jpg,SOLAR MT,130,STUDIO,33,360,233606,,0,233606,💰 Cotizar,,,,,,,,,,,,,,,,,,,Forma de pago / Payment plan 1,30%,70082,23361,23361,116803,233606,,Forma de pago / Payment plan 2,50%,112131,22426,22426,67278,224262,9344,Forma de pago / Payment plan 3,80%,177540,44385,221926,11680,,,,,,,,,,50%,116803,116803,228934,4672,22,,5139328,0,0,5139328,15,354436,0%,0,354436,,SOLAR MT,130,STUDIO,33,360,"$233,606",,,"$233,606",,,$55,$75,$95,$140,,,,,,,,"$19,375.00","$5,812.50","$3,000.00","$1,386.00",$233.61,3.83%,,,,,,,,,,,,,,,,,,,,,,,,,,,,,,
PLAYA DEL CARMEN,https://static.wixstatic.com/media/5ed051_dd630f59269749e483517464109ba420~mv2.jpg,SOLAR MT,131,STUDIO,30,322,192321,,0,192321,💰 Cotizar,,,,,,,,,,,,,,,,,,,Forma de pago / Payment plan 1,30%,57696,19232,19232,96161,192321,,Forma de pago / Payment plan 2,50%,92314,18463,18463,55389,184628,7693,Forma de pago / Payment plan 3,80%,146164,36541,182705,9616,,,,,,,,,,50%,96161,96161,188475,3846,22,,4231069,0,0,4231069,15,291798,0%,0,291798,,SOLAR MT,131,STUDIO,30,322,"$192,321",,,"$192,321",,,$55,$75,$95,$140,,,,,,,,"$19,375.00","$5,812.50","$3,000.00","$1,260.00",$192.32,4.74%,,,,,,,,,,,,,,,,,,,,,,,,,,,,,,
PLAYA DEL CARMEN,https://static.wixstatic.com/media/5ed051_2b5dd600433141dea28b87651a526cfe~mv2.jpg,SOLAR MT,132,STUDIO,36,384,249683,,0,249683,💰 Cotizar,,,,,,,,,,,,,,,,,,,Forma de pago / Payment plan 1,30%,74905,24968,24968,124841,249683,,Forma de pago / Payment plan 2,50%,119848,23970,23970,71909,239695,9987,Forma de pago / Payment plan 3,80%,189759,47440,237199,12484,,,,,,,,,,50%,124841,124841,244689,4994,22,,5493022,0,0,5493022,15,378829,0%,0,378829,,SOLAR MT,132,STUDIO,36,384,"$249,683",,,"$249,683",,,$55,$75,$95,$140,,,,,,,,"$19,375.00","$5,812.50","$3,000.00","$1,512.00",$249.68,3.52%,,,,,,,,,,,,,,,,,,,,,,,,,,,,,,
PLAYA DEL CARMEN,https://static.wixstatic.com/media/5ed051_d7772456c9594510a60f74c9e6d01626~mv2.jpg,SOLAR MT,201,STUDIO,33,360,220906,,0,220906,💰 Cotizar,,,,,,,,,,,,,,,,,,,Forma de pago / Payment plan 1,30%,66272,22091,22091,110453,220906,,Forma de pago / Payment plan 2,50%,106035,21207,21207,63621,212070,8836,Forma de pago / Payment plan 3,80%,167889,41972,209861,11045,,,,,,,,,,50%,110453,110453,216488,4418,22,,4859936,0,0,4859936,15,335168,0%,0,335168,,SOLAR MT,201,STUDIO,33,360,"$220,906",,,"$220,906",,,$55,$75,$95,$140,,,,,,,,"$19,375.00","$5,812.50","$3,000.00","$1,386.00",$220.91,4.05%,,,,,,,,,,,,,,,,,,,,,,,,,,,,,,
PLAYA DEL CARMEN,https://static.wixstatic.com/media/5ed051_6148f6fed2cf40289c6e5e1498cc70f1~mv2.jpg,SOLAR MT,202,STUDIO,33,360,220906,,0,220906,💰 Cotizar,,,,,,,,,,,,,,,,,,,Forma de pago / Payment plan 1,30%,66272,22091,22091,110453,220906,,Forma de pago / Payment plan 2,50%,106035,21207,21207,63621,212070,8836,Forma de pago / Payment plan 3,80%,167889,41972,209861,11045,,,,,,,,,,50%,110453,110453,216488,4418,22,,4859936,0,0,4859936,15,335168,0%,0,335168,,SOLAR MT,202,STUDIO,33,360,"$220,906",,,"$220,906",,,$55,$75,$95,$140,,,,,,,,"$19,375.00","$5,812.50","$3,000.00","$1,386.00",$220.91,4.05%,,,,,,,,,,,,,,,,,,,,,,,,,,,,,,
PLAYA DEL CARMEN,https://static.wixstatic.com/media/5ed051_a8da67adc1a74a7a9e37ac979e0c8d7f~mv2.jpg,SOLAR MT,204,1 RECAMARA,81,873,574471,5%,28724,545748,💰 Cotizar,,,,,,,,,,,,,,,,,,,Forma de pago / Payment plan 1,30%,163724,54575,54575,272874,545748,,Forma de pago / Payment plan 2,50%,261384,52277,52277,156831,522769,22979,Forma de pago / Payment plan 3,80%,414768,103692,518460,28724,,,,,,,,,,50%,272874,272874,534833,10915,22,,12638366,631918,0,12006448,15,871611,5%,43581,828031,,SOLAR MT,204,1 RECAMARA,81,873,"$574,471",5%,"$28,724","$545,748",,,$90,$130,$150,$200,,,,,,,,"$31,416.00","$9,424.80","$3,000.00","$3,402.00",$545.75,2.76%,,,,,,,,,,,,,,,,,,,,,,,,,,,,,,
PLAYA DEL CARMEN,https://static.wixstatic.com/media/5ed051_01f82d02108f4d0ca5aa874f2b0e7f6c~mv2.jpg,SOLAR MT,205,STUDIO,32,345,208390,,0,208390,💰 Cotizar,,,,,,,,,,,,,,,,,,,Forma de pago / Payment plan 1,30%,62517,20839,20839,104195,208390,,Forma de pago / Payment plan 2,50%,100027,20005,20005,60016,200054,8336,Forma de pago / Payment plan 3,80%,158376,39594,197971,10420,,,,,,,,,,50%,104195,104195,204222,4168,22,,4584580,0,0,4584580,15,316178,0%,0,316178,,SOLAR MT,205,STUDIO,32,345,"$208,390",,,"$208,390",,,$55,$75,$95,$140,,,,,,,,"$19,375.00","$5,812.50","$3,000.00","$1,344.00",$208.39,4.32%,,,,,,,,,,,,,,,,,,,,,,,,,,,,,,
PLAYA DEL CARMEN,https://static.wixstatic.com/media/5ed051_92b7dcb00cd54a14965b2460c260e6e6~mv2.jpg,SOLAR MT,206,STUDIO,33,360,220906,,0,220906,💰 Cotizar,,,,,,,,,,,,,,,,,,,Forma de pago / Payment plan 1,30%,66272,22091,22091,110453,220906,,Forma de pago / Payment plan 2,50%,106035,21207,21207,63621,212070,8836,Forma de pago / Payment plan 3,80%,167889,41972,209861,11045,,,,,,,,,,50%,110453,110453,216488,4418,22,,4859936,0,0,4859936,15,335168,0%,0,335168,,SOLAR MT,206,STUDIO,33,360,"$220,906",,,"$220,906",,,$55,$75,$95,$140,,,,,,,,"$19,375.00","$5,812.50","$3,000.00","$1,386.00",$220.91,4.05%,,,,,,,,,,,,,,,,,,,,,,,,,,,,,,
PLAYA DEL CARMEN,https://static.wixstatic.com/media/5ed051_1f8d0693af7e4438bd164c4c2bbeb27b~mv2.jpg,SOLAR MT,207,STUDIO,28,304,183885,,0,183885,💰 Cotizar,,,,,,,,,,,,,,,,,,,Forma de pago / Payment plan 1,30%,55166,18389,18389,91943,183885,,Forma de pago / Payment plan 2,50%,88265,17653,17653,52959,176530,7355,Forma de pago / Payment plan 3,80%,139753,34938,174691,9194,,,,,,,,,,50%,91943,91943,180207,3678,22,,4045470,0,0,4045470,15,278998,0%,0,278998,,SOLAR MT,207,STUDIO,28,304,"$183,885",,,"$183,885",,,$55,$75,$95,$140,,,,,,,,"$19,375.00","$5,812.50","$3,000.00","$1,176.00",$183.89,5.00%,,,,,,,,,,,,,,,,,,,,,,,,,,,,,,
PLAYA DEL CARMEN,https://static.wixstatic.com/media/5ed051_dd94d2ba08de4b25bd1d91caec10cef1~mv2.jpg,SOLAR MT,208,STUDIO,33,360,220906,,0,220906,💰 Cotizar,,,,,,,,,,,,,,,,,,,Forma de pago / Payment plan 1,30%,66272,22091,22091,110453,220906,,Forma de pago / Payment plan 2,50%,106035,21207,21207,63621,212070,8836,Forma de pago / Payment plan 3,80%,167889,41972,209861,11045,,,,,,,,,,50%,110453,110453,216488,4418,22,,4859936,0,0,4859936,15,335168,0%,0,335168,,SOLAR MT,208,STUDIO,33,360,"$220,906",,,"$220,906",,,$55,$75,$95,$140,,,,,,,,"$19,375.00","$5,812.50","$3,000.00","$1,386.00",$220.91,4.05%,,,,,,,,,,,,,,,,,,,,,,,,,,,,,,
PLAYA DEL CARMEN,https://static.wixstatic.com/media/5ed051_bcd31d1b4ecb4f0cbea8e96e1564982a~mv2.jpg,SOLAR MT,209,STUDIO,28,304,183885,,0,183885,💰 Cotizar,,,,,,,,,,,,,,,,,,,Forma de pago / Payment plan 1,30%,55166,18389,18389,91943,183885,,Forma de pago / Payment plan 2,50%,88265,17653,17653,52959,176530,7355,Forma de pago / Payment plan 3,80%,139753,34938,174691,9194,,,,,,,,,,50%,91943,91943,180207,3678,22,,4045470,0,0,4045470,15,278998,0%,0,278998,,SOLAR MT,209,STUDIO,28,304,"$183,885",,,"$183,885",,,$55,$75,$95,$140,,,,,,,,"$19,375.00","$5,812.50","$3,000.00","$1,176.00",$183.89,5.00%,,,,,,,,,,,,,,,,,,,,,,,,,,,,,,
PLAYA DEL CARMEN,https://static.wixstatic.com/media/5ed051_714edc049f31469d939d3396c2255789~mv2.jpg,SOLAR MT,210,STUDIO,33,360,220906,,0,220906,💰 Cotizar,,,,,,,,,,,,,,,,,,,Forma de pago / Payment plan 1,30%,66272,22091,22091,110453,220906,,Forma de pago / Payment plan 2,50%,106035,21207,21207,63621,212070,8836,Forma de pago / Payment plan 3,80%,167889,41972,209861,11045,,,,,,,,,,50%,110453,110453,216488,4418,22,,4859936,0,0,4859936,15,335168,0%,0,335168,,SOLAR MT,210,STUDIO,33,360,"$220,906",,,"$220,906",,,$55,$75,$95,$140,,,,,,,,"$19,375.00","$5,812.50","$3,000.00","$1,386.00",$220.91,4.05%,,,,,,,,,,,,,,,,,,,,,,,,,,,,,,
PLAYA DEL CARMEN,https://static.wixstatic.com/media/5ed051_b00ed31efe864e85b27a3340d09db39d~mv2.jpg,SOLAR MT,211,STUDIO,28,304,183885,,0,183885,💰 Cotizar,,,,,,,,,,,,,,,,,,,Forma de pago / Payment plan 1,30%,55166,18389,18389,91943,183885,,Forma de pago / Payment plan 2,50%,88265,17653,17653,52959,176530,7355,Forma de pago / Payment plan 3,80%,139753,34938,174691,9194,,,,,,,,,,50%,91943,91943,180207,3678,22,,4045470,0,0,4045470,15,278998,0%,0,278998,,SOLAR MT,211,STUDIO,28,304,"$183,885",,,"$183,885",,,$55,$75,$95,$140,,,,,,,,"$19,375.00","$5,812.50","$3,000.00","$1,176.00",$183.89,5.00%,,,,,,,,,,,,,,,,,,,,,,,,,,,,,,
PLAYA DEL CARMEN,https://static.wixstatic.com/media/5ed051_00314e3b885840d08abe6b8a1661cee1~mv2.jpg,SOLAR MT,212,STUDIO,33,360,220906,,0,220906,💰 Cotizar,,,,,,,,,,,,,,,,,,,Forma de pago / Payment plan 1,30%,66272,22091,22091,110453,220906,,Forma de pago / Payment plan 2,50%,106035,21207,21207,63621,212070,8836,Forma de pago / Payment plan 3,80%,167889,41972,209861,11045,,,,,,,,,,50%,110453,110453,216488,4418,22,,4859936,0,0,4859936,15,335168,0%,0,335168,,SOLAR MT,212,STUDIO,33,360,"$220,906",,,"$220,906",,,$55,$75,$95,$140,,,,,,,,"$19,375.00","$5,812.50","$3,000.00","$1,386.00",$220.91,4.05%,,,,,,,,,,,,,,,,,,,,,,,,,,,,,,
PLAYA DEL CARMEN,https://static.wixstatic.com/media/5ed051_6675b452b6e54a89bae840305f59bddf~mv2.jpg,SOLAR MT,213,STUDIO,28,304,183885,,0,183885,💰 Cotizar,,,,,,,,,,,,,,,,,,,Forma de pago / Payment plan 1,30%,55166,18389,18389,91943,183885,,Forma de pago / Payment plan 2,50%,88265,17653,17653,52959,176530,7355,Forma de pago / Payment plan 3,80%,139753,34938,174691,9194,,,,,,,,,,50%,91943,91943,180207,3678,22,,4045470,0,0,4045470,15,278998,0%,0,278998,,SOLAR MT,213,STUDIO,28,304,"$183,885",,,"$183,885",,,$55,$75,$95,$140,,,,,,,,"$19,375.00","$5,812.50","$3,000.00","$1,176.00",$183.89,5.00%,,,,,,,,,,,,,,,,,,,,,,,,,,,,,,
PLAYA DEL CARMEN,https://static.wixstatic.com/media/5ed051_caf614e7596c44d49138f55515c40ae5~mv2.jpg,SOLAR MT,214,STUDIO,33,360,220906,,0,220906,💰 Cotizar,,,,,,,,,,,,,,,,,,,Forma de pago / Payment plan 1,30%,66272,22091,22091,110453,220906,,Forma de pago / Payment plan 2,50%,106035,21207,21207,63621,212070,8836,Forma de pago / Payment plan 3,80%,167889,41972,209861,11045,,,,,,,,,,50%,110453,110453,216488,4418,22,,4859936,0,0,4859936,15,335168,0%,0,335168,,SOLAR MT,214,STUDIO,33,360,"$220,906",,,"$220,906",,,$55,$75,$95,$140,,,,,,,,"$19,375.00","$5,812.50","$3,000.00","$1,386.00",$220.91,4.05%,,,,,,,,,,,,,,,,,,,,,,,,,,,,,,
PLAYA DEL CARMEN,https://static.wixstatic.com/media/5ed051_7c793ace96b649619b067f3c1c255b8e~mv2.jpg,SOLAR MT,215,STUDIO,34,365,220610,,0,220610,💰 Cotizar,,,,,,,,,,,,,,,,,,,Forma de pago / Payment plan 1,30%,66183,22061,22061,110305,220610,,Forma de pago / Payment plan 2,50%,105893,21179,21179,63536,211786,8824,Forma de pago / Payment plan 3,80%,167664,41916,209580,11031,,,,,,,,,,50%,110305,110305,216198,4412,22,,4853420,0,0,4853420,15,334719,0%,0,334719,,SOLAR MT,215,STUDIO,34,365,"$220,610",,,"$220,610",,,$55,$75,$95,$140,,,,,,,,"$19,375.00","$5,812.50","$3,000.00","$1,428.00",$220.61,4.04%,,,,,,,,,,,,,,,,,,,,,,,,,,,,,,
PLAYA DEL CARMEN,https://static.wixstatic.com/media/5ed051_c80a92dfff5f4e07ad858fdfe3682c1e~mv2.jpg,SOLAR MT,216,1 RECAMARA,57,613,376307,5%,18815,357492,💰 Cotizar,,,,,,,,,,,,,,,,,,,Forma de pago / Payment plan 1,30%,107248,35749,35749,178746,357492,,Forma de pago / Payment plan 2,50%,171220,34244,34244,102732,342440,15052,Forma de pago / Payment plan 3,80%,271694,67923,339617,18815,,,,,,,,,,50%,178746,178746,350342,7150,22,,8278761,413938,0,7864823,15,570949,5%,28547,542402,,SOLAR MT,216,1 RECAMARA,57,613,"$376,307",5%,"$18,815","$357,492",,,$90,$130,$150,$200,,,,,,,,"$31,416.00","$9,424.80","$3,000.00","$2,394.00",$357.49,4.54%,,,,,,,,,,,,,,,,,,,,,,,,,,,,,,
PLAYA DEL CARMEN,https://static.wixstatic.com/media/5ed051_7f513dd742eb42e99d5b3ce2d97698da~mv2.jpg,SOLAR MT,217,STUDIO,33,360,220906,,0,220906,💰 Cotizar,,,,,,,,,,,,,,,,,,,Forma de pago / Payment plan 1,30%,66272,22091,22091,110453,220906,,Forma de pago / Payment plan 2,50%,106035,21207,21207,63621,212070,8836,Forma de pago / Payment plan 3,80%,167889,41972,209861,11045,,,,,,,,,,50%,110453,110453,216488,4418,22,,4859936,0,0,4859936,15,335168,0%,0,335168,,SOLAR MT,217,STUDIO,33,360,"$220,906",,,"$220,906",,,$55,$75,$95,$140,,,,,,,,"$19,375.00","$5,812.50","$3,000.00","$1,386.00",$220.91,4.05%,,,,,,,,,,,,,,,,,,,,,,,,,,,,,,
PLAYA DEL CARMEN,https://static.wixstatic.com/media/5ed051_f61a5419b14b4752ac52101009225645~mv2.jpg,SOLAR MT,219,STUDIO,32,345,208390,,0,208390,💰 Cotizar,,,,,,,,,,,,,,,,,,,Forma de pago / Payment plan 1,30%,62517,20839,20839,104195,208390,,Forma de pago / Payment plan 2,50%,100027,20005,20005,60016,200054,8336,Forma de pago / Payment plan 3,80%,158376,39594,197971,10420,,,,,,,,,,50%,104195,104195,204222,4168,22,,4584580,0,0,4584580,15,316178,0%,0,316178,,SOLAR MT,219,STUDIO,32,345,"$208,390",,,"$208,390",,,$55,$75,$95,$140,,,,,,,,"$19,375.00","$5,812.50","$3,000.00","$1,344.00",$208.39,4.32%,,,,,,,,,,,,,,,,,,,,,,,,,,,,,,
PLAYA DEL CARMEN,https://static.wixstatic.com/media/5ed051_014914db0f6846608cf2854762e0ca69~mv2.jpg,SOLAR MT,220,STUDIO,33,356,218857,,0,218857,💰 Cotizar,,,,,,,,,,,,,,,,,,,Forma de pago / Payment plan 1,30%,65657,21886,21886,109429,218857,,Forma de pago / Payment plan 2,50%,105051,21010,21010,63031,210103,8754,Forma de pago / Payment plan 3,80%,166331,41583,207914,10943,,,,,,,,,,50%,109429,109429,214480,4377,22,,4814856,0,0,4814856,15,332059,0%,0,332059,,SOLAR MT,220,STUDIO,33,356,"$218,857",,,"$218,857",,,$55,$75,$95,$140,,,,,,,,"$19,375.00","$5,812.50","$3,000.00","$1,386.00",$218.86,4.09%,,,,,,,,,,,,,,,,,,,,,,,,,,,,,,
PLAYA DEL CARMEN,https://static.wixstatic.com/media/5ed051_238251bb305b4d5da461300650fb5771~mv2.jpg,SOLAR MT,221,1 RECAMARA,81,873,574471,5%,28724,545748,💰 Cotizar,,,,,,,,,,,,,,,,,,,Forma de pago / Payment plan 1,30%,163724,54575,54575,272874,545748,,Forma de pago / Payment plan 2,50%,261384,52277,52277,156831,522769,22979,Forma de pago / Payment plan 3,80%,414768,103692,518460,28724,,,,,,,,,,50%,272874,272874,534833,10915,22,,12638366,631918,0,12006448,15,871611,5%,43581,828031,,SOLAR MT,221,1 RECAMARA,81,873,"$574,471",5%,"$28,724","$545,748",,,$90,$130,$150,$200,,,,,,,,"$31,416.00","$9,424.80","$3,000.00","$3,402.00",$545.75,2.76%,,,,,,,,,,,,,,,,,,,,,,,,,,,,,,
PLAYA DEL CARMEN,https://static.wixstatic.com/media/5ed051_1e92c3f52ed9441c953a3e58eb18b10a~mv2.jpg,SOLAR MT,222,STUDIO,33,360,236614,,0,236614,💰 Cotizar,,,,,,,,,,,,,,,,,,,Forma de pago / Payment plan 1,30%,70984,23661,23661,118307,236614,,Forma de pago / Payment plan 2,50%,113575,22715,22715,68145,227149,9465,Forma de pago / Payment plan 3,80%,179826,44957,224783,11831,,,,,,,,,,50%,118307,118307,231881,4732,22,,5205499,0,0,5205499,15,359000,0%,0,359000,,SOLAR MT,222,STUDIO,33,360,"$236,614",,,"$236,614",,,$55,$75,$95,$140,,,,,,,,"$19,375.00","$5,812.50","$3,000.00","$1,386.00",$236.61,3.78%,,,,,,,,,,,,,,,,,,,,,,,,,,,,,,
PLAYA DEL CARMEN,https://static.wixstatic.com/media/5ed051_c25502537b8e4bd18c0d1d7ab6bac11f~mv2.jpg,SOLAR MT,223,STUDIO,33,360,236614,,0,236614,💰 Cotizar,,,,,,,,,,,,,,,,,,,Forma de pago / Payment plan 1,30%,70984,23661,23661,118307,236614,,Forma de pago / Payment plan 2,50%,113575,22715,22715,68145,227149,9465,Forma de pago / Payment plan 3,80%,179826,44957,224783,11831,,,,,,,,,,50%,118307,118307,231881,4732,22,,5205499,0,0,5205499,15,359000,0%,0,359000,,SOLAR MT,223,STUDIO,33,360,"$236,614",,,"$236,614",,,$55,$75,$95,$140,,,,,,,,"$19,375.00","$5,812.50","$3,000.00","$1,386.00",$236.61,3.78%,,,,,,,,,,,,,,,,,,,,,,,,,,,,,,
PLAYA DEL CARMEN,https://static.wixstatic.com/media/5ed051_315fc6b2d26f4703b14b99207cb899da~mv2.jpg,SOLAR MT,224,STUDIO,33,360,236614,,0,236614,💰 Cotizar,,,,,,,,,,,,,,,,,,,Forma de pago / Payment plan 1,30%,70984,23661,23661,118307,236614,,Forma de pago / Payment plan 2,50%,113575,22715,22715,68145,227149,9465,Forma de pago / Payment plan 3,80%,179826,44957,224783,11831,,,,,,,,,,50%,118307,118307,231881,4732,22,,5205499,0,0,5205499,15,359000,0%,0,359000,,SOLAR MT,224,STUDIO,33,360,"$236,614",,,"$236,614",,,$55,$75,$95,$140,,,,,,,,"$19,375.00","$5,812.50","$3,000.00","$1,386.00",$236.61,3.78%,,,,,,,,,,,,,,,,,,,,,,,,,,,,,,
PLAYA DEL CARMEN,https://static.wixstatic.com/media/5ed051_7707556799e546c9974026f46c649684~mv2.jpg,SOLAR MT,225,STUDIO,38,409,246870,,0,246870,💰 Cotizar,,,,,,,,,,,,,,,,,,,Forma de pago / Payment plan 1,30%,74061,24687,24687,123435,246870,,Forma de pago / Payment plan 2,50%,118498,23700,23700,71099,236995,9875,Forma de pago / Payment plan 3,80%,187621,46905,234527,12344,,,,,,,,,,50%,123435,123435,241933,4937,22,,5431140,0,0,5431140,15,374561,0%,0,374561,,SOLAR MT,225,STUDIO,38,409,"$246,870",,,"$246,870",,,$55,$75,$95,$140,,,,,,,,"$19,375.00","$5,812.50","$3,000.00","$1,596.00",$246.87,3.53%,,,,,,,,,,,,,,,,,,,,,,,,,,,,,,
PLAYA DEL CARMEN,https://static.wixstatic.com/media/5ed051_850cff0b21f246c9beecbc9132e6341d~mv2.jpg,SOLAR MT,226,STUDIO,33,360,236614,,0,236614,💰 Cotizar,,,,,,,,,,,,,,,,,,,Forma de pago / Payment plan 1,30%,70984,23661,23661,118307,236614,,Forma de pago / Payment plan 2,50%,113575,22715,22715,68145,227149,9465,Forma de pago / Payment plan 3,80%,179826,44957,224783,11831,,,,,,,,,,50%,118307,118307,231881,4732,22,,5205499,0,0,5205499,15,359000,0%,0,359000,,SOLAR MT,226,STUDIO,33,360,"$236,614",,,"$236,614",,,$55,$75,$95,$140,,,,,,,,"$19,375.00","$5,812.50","$3,000.00","$1,386.00",$236.61,3.78%,,,,,,,,,,,,,,,,,,,,,,,,,,,,,,
PLAYA DEL CARMEN,https://static.wixstatic.com/media/5ed051_76a088ce25f342bd95fde3421ab5d64d~mv2.jpg,SOLAR MT,227,STUDIO,28,304,183885,,0,183885,💰 Cotizar,,,,,,,,,,,,,,,,,,,Forma de pago / Payment plan 1,30%,55166,18389,18389,91943,183885,,Forma de pago / Payment plan 2,50%,88265,17653,17653,52959,176530,7355,Forma de pago / Payment plan 3,80%,139753,34938,174691,9194,,,,,,,,,,50%,91943,91943,180207,3678,22,,4045470,0,0,4045470,15,278998,0%,0,278998,,SOLAR MT,227,STUDIO,28,304,"$183,885",,,"$183,885",,,$55,$75,$95,$140,,,,,,,,"$19,375.00","$5,812.50","$3,000.00","$1,176.00",$183.89,5.00%,,,,,,,,,,,,,,,,,,,,,,,,,,,,,,
PLAYA DEL CARMEN,https://static.wixstatic.com/media/5ed051_3098a6b713ea4f8382438b0a5a14720f~mv2.jpg,SOLAR MT,229,STUDIO,28,304,183885,,0,183885,💰 Cotizar,,,,,,,,,,,,,,,,,,,Forma de pago / Payment plan 1,30%,55166,18389,18389,91943,183885,,Forma de pago / Payment plan 2,50%,88265,17653,17653,52959,176530,7355,Forma de pago / Payment plan 3,80%,139753,34938,174691,9194,,,,,,,,,,50%,91943,91943,180207,3678,22,,4045470,0,0,4045470,15,278998,0%,0,278998,,SOLAR MT,229,STUDIO,28,304,"$183,885",,,"$183,885",,,$55,$75,$95,$140,,,,,,,,"$19,375.00","$5,812.50","$3,000.00","$1,176.00",$183.89,5.00%,,,,,,,,,,,,,,,,,,,,,,,,,,,,,,
PLAYA DEL CARMEN,https://static.wixstatic.com/media/5ed051_8895afc85959415788ac410864827c0b~mv2.jpg,SOLAR MT,230,STUDIO,33,360,236614,,0,236614,💰 Cotizar,,,,,,,,,,,,,,,,,,,Forma de pago / Payment plan 1,30%,70984,23661,23661,118307,236614,,Forma de pago / Payment plan 2,50%,113575,22715,22715,68145,227149,9465,Forma de pago / Payment plan 3,80%,179826,44957,224783,11831,,,,,,,,,,50%,118307,118307,231881,4732,22,,5205499,0,0,5205499,15,359000,0%,0,359000,,SOLAR MT,230,STUDIO,33,360,"$236,614",,,"$236,614",,,$55,$75,$95,$140,,,,,,,,"$19,375.00","$5,812.50","$3,000.00","$1,386.00",$236.61,3.78%,,,,,,,,,,,,,,,,,,,,,,,,,,,,,,
PLAYA DEL CARMEN,https://static.wixstatic.com/media/5ed051_329fb72832f94951a565bbcc0d610593~mv2.jpg,SOLAR MT,231,STUDIO,30,322,194415,,0,194415,💰 Cotizar,,,,,,,,,,,,,,,,,,,Forma de pago / Payment plan 1,30%,58325,19442,19442,97208,194415,,Forma de pago / Payment plan 2,50%,93319,18664,18664,55992,186638,7777,Forma de pago / Payment plan 3,80%,147755,36939,184694,9721,,,,,,,,,,50%,97208,97208,190527,3888,22,,4277130,0,0,4277130,15,294974,0%,0,294974,,SOLAR MT,231,STUDIO,30,322,"$194,415",,,"$194,415",,,$55,$75,$95,$140,,,,,,,,"$19,375.00","$5,812.50","$3,000.00","$1,260.00",$194.42,4.68%,,,,,,,,,,,,,,,,,,,,,,,,,,,,,,
PLAYA DEL CARMEN,https://static.wixstatic.com/media/5ed051_976e871931a94a688b5911422f627b29~mv2.jpg,SOLAR MT,232,STUDIO,36,384,252898,,0,252898,💰 Cotizar,,,,,,,,,,,,,,,,,,,Forma de pago / Payment plan 1,30%,75869,25290,25290,126449,252898,,Forma de pago / Payment plan 2,50%,121391,24278,24278,72835,242782,10116,Forma de pago / Payment plan 3,80%,192202,48051,240253,12645,,,,,,,,,,50%,126449,126449,247840,5058,22,,5563747,0,0,5563747,15,383707,0%,0,383707,,SOLAR MT,232,STUDIO,36,384,"$252,898",,,"$252,898",,,$55,$75,$95,$140,,,,,,,,"$19,375.00","$5,812.50","$3,000.00","$1,512.00",$252.90,3.48%,,,,,,,,,,,,,,,,,,,,,,,,,,,,,,
PLAYA DEL CARMEN,https://static.wixstatic.com/media/5ed051_4a6d01250f3b496898de38fef4ea2b51~mv2.jpg,SOLAR MT,301,STUDIO,33,360,223580,,0,223580,💰 Cotizar,,,,,,,,,,,,,,,,,,,Forma de pago / Payment plan 1,30%,67074,22358,22358,111790,223580,,Forma de pago / Payment plan 2,50%,107318,21464,21464,64391,214637,8943,Forma de pago / Payment plan 3,80%,169921,42480,212401,11179,,,,,,,,,,50%,111790,111790,219108,4472,22,,4918756,0,0,4918756,15,339225,0%,0,339225,,SOLAR MT,301,STUDIO,33,360,"$223,580",,,"$223,580",,,$55,$75,$95,$140,,,,,,,,"$19,375.00","$5,812.50","$3,000.00","$1,386.00",$223.58,4.00%,,,,,,,,,,,,,,,,,,,,,,,,,,,,,,
PLAYA DEL CARMEN,https://static.wixstatic.com/media/5ed051_20b92979a13c483ba133e395c1fbb67c~mv2.jpg,SOLAR MT,302,STUDIO,33,360,223580,,0,223580,💰 Cotizar,,,,,,,,,,,,,,,,,,,Forma de pago / Payment plan 1,30%,67074,22358,22358,111790,223580,,Forma de pago / Payment plan 2,50%,107318,21464,21464,64391,214637,8943,Forma de pago / Payment plan 3,80%,169921,42480,212401,11179,,,,,,,,,,50%,111790,111790,219108,4472,22,,4918756,0,0,4918756,15,339225,0%,0,339225,,SOLAR MT,302,STUDIO,33,360,"$223,580",,,"$223,580",,,$55,$75,$95,$140,,,,,,,,"$19,375.00","$5,812.50","$3,000.00","$1,386.00",$223.58,4.00%,,,,,,,,,,,,,,,,,,,,,,,,,,,,,,
PLAYA DEL CARMEN,https://static.wixstatic.com/media/5ed051_821cbeace0a246df9ba883101acbbe00~mv2.jpg,SOLAR MT,303,STUDIO,33,350,217693,,0,217693,💰 Cotizar,,,,,,,,,,,,,,,,,,,Forma de pago / Payment plan 1,30%,65308,21769,21769,108846,217693,,Forma de pago / Payment plan 2,50%,104492,20898,20898,62695,208985,8708,Forma de pago / Payment plan 3,80%,165446,41362,206808,10885,,,,,,,,,,50%,108846,108846,213339,4354,22,,4789237,0,0,4789237,15,330292,0%,0,330292,,SOLAR MT,303,STUDIO,33,350,"$217,693",,,"$217,693",,,$55,$75,$95,$140,,,,,,,,"$19,375.00","$5,812.50","$3,000.00","$1,386.00",$217.69,4.12%,,,,,,,,,,,,,,,,,,,,,,,,,,,,,,
PLAYA DEL CARMEN,https://static.wixstatic.com/media/5ed051_b0e824d647d143ad8c89c09705024ab3~mv2.jpg,SOLAR MT,304,1 RECAMARA,81,873,580151,5%,29008,551143,💰 Cotizar,,,,,,,,,,,,,,,,,,,Forma de pago / Payment plan 1,30%,165343,55114,55114,275572,551143,,Forma de pago / Payment plan 2,50%,263969,52794,52794,158381,527937,23206,Forma de pago / Payment plan 3,80%,418869,104717,523586,29008,,,,,,,,,,50%,275572,275572,540121,11023,22,,12763322,638166,0,12125156,15,880229,5%,44011,836218,,SOLAR MT,304,1 RECAMARA,81,873,"$580,151",5%,"$29,008","$551,143",,,$90,$130,$150,$200,,,,,,,,"$31,416.00","$9,424.80","$3,000.00","$3,402.00",$551.14,2.73%,,,,,,,,,,,,,,,,,,,,,,,,,,,,,,
PLAYA DEL CARMEN,https://static.wixstatic.com/media/5ed051_e0d8fb051f2b4bc0b1e94353d20aebf9~mv2.jpg,SOLAR MT,305,STUDIO,32,345,210955,,0,210955,💰 Cotizar,,,,,,,,,,,,,,,,,,,Forma de pago / Payment plan 1,30%,63286,21095,21095,105477,210955,,Forma de pago / Payment plan 2,50%,101258,20252,20252,60755,202517,8438,Forma de pago / Payment plan 3,80%,160326,40081,200407,10548,,,,,,,,,,50%,105477,105477,206736,4219,22,,4641006,0,0,4641006,15,320069,0%,0,320069,,SOLAR MT,305,STUDIO,32,345,"$210,955",,,"$210,955",,,$55,$75,$95,$140,,,,,,,,"$19,375.00","$5,812.50","$3,000.00","$1,344.00",$210.95,4.27%,,,,,,,,,,,,,,,,,,,,,,,,,,,,,,
PLAYA DEL CARMEN,https://static.wixstatic.com/media/5ed051_cefd378c24f1427287235ce1fd97f3e1~mv2.jpg,SOLAR MT,306,STUDIO,33,360,223580,,0,223580,💰 Cotizar,,,,,,,,,,,,,,,,,,,Forma de pago / Payment plan 1,30%,67074,22358,22358,111790,223580,,Forma de pago / Payment plan 2,50%,107318,21464,21464,64391,214637,8943,Forma de pago / Payment plan 3,80%,169921,42480,212401,11179,,,,,,,,,,50%,111790,111790,219108,4472,22,,4918756,0,0,4918756,15,339225,0%,0,339225,,SOLAR MT,306,STUDIO,33,360,"$223,580",,,"$223,580",,,$55,$75,$95,$140,,,,,,,,"$19,375.00","$5,812.50","$3,000.00","$1,386.00",$223.58,4.00%,,,,,,,,,,,,,,,,,,,,,,,,,,,,,,
PLAYA DEL CARMEN,https://static.wixstatic.com/media/5ed051_9ed01a6188824fe4947fb23ac4a3e4fe~mv2.jpg,SOLAR MT,308,STUDIO,33,360,223580,,0,223580,💰 Cotizar,,,,,,,,,,,,,,,,,,,Forma de pago / Payment plan 1,30%,67074,22358,22358,111790,223580,,Forma de pago / Payment plan 2,50%,107318,21464,21464,64391,214637,8943,Forma de pago / Payment plan 3,80%,169921,42480,212401,11179,,,,,,,,,,50%,111790,111790,219108,4472,22,,4918756,0,0,4918756,15,339225,0%,0,339225,,SOLAR MT,308,STUDIO,33,360,"$223,580",,,"$223,580",,,$55,$75,$95,$140,,,,,,,,"$19,375.00","$5,812.50","$3,000.00","$1,386.00",$223.58,4.00%,,,,,,,,,,,,,,,,,,,,,,,,,,,,,,
PLAYA DEL CARMEN,https://static.wixstatic.com/media/5ed051_439fd6761b0543b48e83a039416a7ae2~mv2.jpg,SOLAR MT,310,STUDIO,33,360,223580,,0,223580,💰 Cotizar,,,,,,,,,,,,,,,,,,,Forma de pago / Payment plan 1,30%,67074,22358,22358,111790,223580,,Forma de pago / Payment plan 2,50%,107318,21464,21464,64391,214637,8943,Forma de pago / Payment plan 3,80%,169921,42480,212401,11179,,,,,,,,,,50%,111790,111790,219108,4472,22,,4918756,0,0,4918756,15,339225,0%,0,339225,,SOLAR MT,310,STUDIO,33,360,"$223,580",,,"$223,580",,,$55,$75,$95,$140,,,,,,,,"$19,375.00","$5,812.50","$3,000.00","$1,386.00",$223.58,4.00%,,,,,,,,,,,,,,,,,,,,,,,,,,,,,,
PLAYA DEL CARMEN,https://static.wixstatic.com/media/5ed051_aa76f6ff0db04332bb3df8ca2fa2c0f2~mv2.jpg,SOLAR MT,311,STUDIO,28,304,186148,,0,186148,💰 Cotizar,,,,,,,,,,,,,,,,,,,Forma de pago / Payment plan 1,30%,55844,18615,18615,93074,186148,,Forma de pago / Payment plan 2,50%,89351,17870,17870,53611,178702,7446,Forma de pago / Payment plan 3,80%,141473,35368,176841,9307,,,,,,,,,,50%,93074,93074,182425,3723,22,,4095260,0,0,4095260,15,282432,0%,0,282432,,SOLAR MT,311,STUDIO,28,304,"$186,148",,,"$186,148",,,$55,$75,$95,$140,,,,,,,,"$19,375.00","$5,812.50","$3,000.00","$1,176.00",$186.15,4.94%,,,,,,,,,,,,,,,,,,,,,,,,,,,,,,
PLAYA DEL CARMEN,https://static.wixstatic.com/media/5ed051_5d61a8309d7a4309904789009557eb84~mv2.jpg,SOLAR MT,312,STUDIO,33,360,223580,,0,223580,💰 Cotizar,,,,,,,,,,,,,,,,,,,Forma de pago / Payment plan 1,30%,67074,22358,22358,111790,223580,,Forma de pago / Payment plan 2,50%,107318,21464,21464,64391,214637,8943,Forma de pago / Payment plan 3,80%,169921,42480,212401,11179,,,,,,,,,,50%,111790,111790,219108,4472,22,,4918756,0,0,4918756,15,339225,0%,0,339225,,SOLAR MT,312,STUDIO,33,360,"$223,580",,,"$223,580",,,$55,$75,$95,$140,,,,,,,,"$19,375.00","$5,812.50","$3,000.00","$1,386.00",$223.58,4.00%,,,,,,,,,,,,,,,,,,,,,,,,,,,,,,
PLAYA DEL CARMEN,https://static.wixstatic.com/media/5ed051_0787bc9dc9504a9a8c9f797afa0fe64a~mv2.jpg,SOLAR MT,313,STUDIO,28,304,186148,,0,186148,💰 Cotizar,,,,,,,,,,,,,,,,,,,Forma de pago / Payment plan 1,30%,55844,18615,18615,93074,186148,,Forma de pago / Payment plan 2,50%,89351,17870,17870,53611,178702,7446,Forma de pago / Payment plan 3,80%,141473,35368,176841,9307,,,,,,,,,,50%,93074,93074,182425,3723,22,,4095260,0,0,4095260,15,282432,0%,0,282432,,SOLAR MT,313,STUDIO,28,304,"$186,148",,,"$186,148",,,$55,$75,$95,$140,,,,,,,,"$19,375.00","$5,812.50","$3,000.00","$1,176.00",$186.15,4.94%,,,,,,,,,,,,,,,,,,,,,,,,,,,,,,
PLAYA DEL CARMEN,https://static.wixstatic.com/media/5ed051_a3c775e9bc02454ba9858f1153834213~mv2.jpg,SOLAR MT,314,STUDIO,33,360,223580,,0,223580,💰 Cotizar,,,,,,,,,,,,,,,,,,,Forma de pago / Payment plan 1,30%,67074,22358,22358,111790,223580,,Forma de pago / Payment plan 2,50%,107318,21464,21464,64391,214637,8943,Forma de pago / Payment plan 3,80%,169921,42480,212401,11179,,,,,,,,,,50%,111790,111790,219108,4472,22,,4918756,0,0,4918756,15,339225,0%,0,339225,,SOLAR MT,314,STUDIO,33,360,"$223,580",,,"$223,580",,,$55,$75,$95,$140,,,,,,,,"$19,375.00","$5,812.50","$3,000.00","$1,386.00",$223.58,4.00%,,,,,,,,,,,,,,,,,,,,,,,,,,,,,,
PLAYA DEL CARMEN,https://static.wixstatic.com/media/5ed051_2c152a68d21f41d09c1c06b4a7ca7740~mv2.jpg,SOLAR MT,315,STUDIO,34,365,223325,,0,223325,💰 Cotizar,,,,,,,,,,,,,,,,,,,Forma de pago / Payment plan 1,30%,66998,22333,22333,111663,223325,,Forma de pago / Payment plan 2,50%,107196,21439,21439,64318,214392,8933,Forma de pago / Payment plan 3,80%,169727,42432,212159,11166,,,,,,,,,,50%,111663,111663,218859,4467,22,,4913154,0,0,4913154,15,338838,0%,0,338838,,SOLAR MT,315,STUDIO,34,365,"$223,325",,,"$223,325",,,$55,$75,$95,$140,,,,,,,,"$19,375.00","$5,812.50","$3,000.00","$1,428.00",$223.33,3.99%,,,,,,,,,,,,,,,,,,,,,,,,,,,,,,
PLAYA DEL CARMEN,https://static.wixstatic.com/media/5ed051_57975b681f534439bce7d624f1f50102~mv2.jpg,SOLAR MT,316,1 RECAMARA,57,613,380862,5%,19043,361819,💰 Cotizar,,,,,,,,,,,,,,,,,,,Forma de pago / Payment plan 1,30%,108546,36182,36182,180909,361819,,Forma de pago / Payment plan 2,50%,173292,34658,34658,103975,346584,15234,Forma de pago / Payment plan 3,80%,274982,68746,343728,19043,,,,,,,,,,50%,180909,180909,354582,7236,22,,8378957,418948,0,7960010,15,577859,5%,28893,548966,,SOLAR MT,316,1 RECAMARA,57,613,"$380,862",5%,"$19,043","$361,819",,,$90,$130,$150,$200,,,,,,,,"$31,416.00","$9,424.80","$3,000.00","$2,394.00",$361.82,4.49%,,,,,,,,,,,,,,,,,,,,,,,,,,,,,,
PLAYA DEL CARMEN,https://static.wixstatic.com/media/5ed051_4ed337d76f424d5f812dd55119e30985~mv2.jpg,SOLAR MT,317,STUDIO,33,360,223580,,0,223580,💰 Cotizar,,,,,,,,,,,,,,,,,,,Forma de pago / Payment plan 1,30%,67074,22358,22358,111790,223580,,Forma de pago / Payment plan 2,50%,107318,21464,21464,64391,214637,8943,Forma de pago / Payment plan 3,80%,169921,42480,212401,11179,,,,,,,,,,50%,111790,111790,219108,4472,22,,4918756,0,0,4918756,15,339225,0%,0,339225,,SOLAR MT,317,STUDIO,33,360,"$223,580",,,"$223,580",,,$55,$75,$95,$140,,,,,,,,"$19,375.00","$5,812.50","$3,000.00","$1,386.00",$223.58,4.00%,,,,,,,,,,,,,,,,,,,,,,,,,,,,,,
PLAYA DEL CARMEN,https://static.wixstatic.com/media/5ed051_7c0abe2127224d69bb00014de0262449~mv2.jpg,SOLAR MT,318,STUDIO,33,360,223580,,0,223580,💰 Cotizar,,,,,,,,,,,,,,,,,,,Forma de pago / Payment plan 1,30%,67074,22358,22358,111790,223580,,Forma de pago / Payment plan 2,50%,107318,21464,21464,64391,214637,8943,Forma de pago / Payment plan 3,80%,169921,42480,212401,11179,,,,,,,,,,50%,111790,111790,219108,4472,22,,4918756,0,0,4918756,15,339225,0%,0,339225,,SOLAR MT,318,STUDIO,33,360,"$223,580",,,"$223,580",,,$55,$75,$95,$140,,,,,,,,"$19,375.00","$5,812.50","$3,000.00","$1,386.00",$223.58,4.00%,,,,,,,,,,,,,,,,,,,,,,,,,,,,,,
PLAYA DEL CARMEN,https://static.wixstatic.com/media/5ed051_60764c9673f4417cacf5093d3f6d381c~mv2.jpg,SOLAR MT,319,STUDIO,32,345,210955,,0,210955,💰 Cotizar,,,,,,,,,,,,,,,,,,,Forma de pago / Payment plan 1,30%,63286,21095,21095,105477,210955,,Forma de pago / Payment plan 2,50%,101258,20252,20252,60755,202517,8438,Forma de pago / Payment plan 3,80%,160326,40081,200407,10548,,,,,,,,,,50%,105477,105477,206736,4219,22,,4641006,0,0,4641006,15,320069,0%,0,320069,,SOLAR MT,319,STUDIO,32,345,"$210,955",,,"$210,955",,,$55,$75,$95,$140,,,,,,,,"$19,375.00","$5,812.50","$3,000.00","$1,344.00",$210.95,4.27%,,,,,,,,,,,,,,,,,,,,,,,,,,,,,,
PLAYA DEL CARMEN,https://static.wixstatic.com/media/5ed051_cd8850135e2448a998c0868a90101ba4~mv2.jpg,SOLAR MT,321,1 RECAMARA,81,873,580151,5%,29008,551143,💰 Cotizar,,,,,,,,,,,,,,,,,,,Forma de pago / Payment plan 1,30%,165343,55114,55114,275572,551143,,Forma de pago / Payment plan 2,50%,263969,52794,52794,158381,527937,23206,Forma de pago / Payment plan 3,80%,418869,104717,523586,29008,,,,,,,,,,50%,275572,275572,540121,11023,22,,12763322,638166,0,12125156,15,880229,5%,44011,836218,,SOLAR MT,321,1 RECAMARA,81,873,"$580,151",5%,"$29,008","$551,143",,,$90,$130,$150,$200,,,,,,,,"$31,416.00","$9,424.80","$3,000.00","$3,402.00",$551.14,2.73%,,,,,,,,,,,,,,,,,,,,,,,,,,,,,,
PLAYA DEL CARMEN,https://static.wixstatic.com/media/5ed051_06a89f411d484d97b9d744b5fab5abbe~mv2.jpg,SOLAR MT,323,STUDIO,33,360,238953,,0,238953,💰 Cotizar,,,,,,,,,,,,,,,,,,,Forma de pago / Payment plan 1,30%,71686,23895,23895,119477,238953,,Forma de pago / Payment plan 2,50%,114697,22939,22939,68818,229395,9558,Forma de pago / Payment plan 3,80%,181604,45401,227005,11948,,,,,,,,,,50%,119477,119477,234174,4779,22,,5256966,0,0,5256966,15,362549,0%,0,362549,,SOLAR MT,323,STUDIO,33,360,"$238,953",,,"$238,953",,,$55,$75,$95,$140,,,,,,,,"$19,375.00","$5,812.50","$3,000.00","$1,386.00",$238.95,3.74%,,,,,,,,,,,,,,,,,,,,,,,,,,,,,,
PLAYA DEL CARMEN,https://static.wixstatic.com/media/5ed051_ce60cc383bf14baa9999ee63ed1965a0~mv2.jpg,SOLAR MT,325,STUDIO,38,409,249908,,0,249908,💰 Cotizar,,,,,,,,,,,,,,,,,,,Forma de pago / Payment plan 1,30%,74973,24991,24991,124954,249908,,Forma de pago / Payment plan 2,50%,119956,23991,23991,71974,239912,9996,Forma de pago / Payment plan 3,80%,189930,47483,237413,12495,,,,,,,,,,50%,124954,124954,244910,4998,22,,5497985,0,0,5497985,15,379171,0%,0,379171,,SOLAR MT,325,STUDIO,38,409,"$249,908",,,"$249,908",,,$55,$75,$95,$140,,,,,,,,"$19,375.00","$5,812.50","$3,000.00","$1,596.00",$249.91,3.49%,,,,,,,,,,,,,,,,,,,,,,,,,,,,,,
PLAYA DEL CARMEN,https://static.wixstatic.com/media/5ed051_14b48cb65b1e4c29a42c2daf7e4fd2c5~mv2.jpg,SOLAR MT,327,STUDIO,28,304,186148,,0,186148,💰 Cotizar,,,,,,,,,,,,,,,,,,,Forma de pago / Payment plan 1,30%,55844,18615,18615,93074,186148,,Forma de pago / Payment plan 2,50%,89351,17870,17870,53611,178702,7446,Forma de pago / Payment plan 3,80%,141473,35368,176841,9307,,,,,,,,,,50%,93074,93074,182425,3723,22,,4095260,0,0,4095260,15,282432,0%,0,282432,,SOLAR MT,327,STUDIO,28,304,"$186,148",,,"$186,148",,,$55,$75,$95,$140,,,,,,,,"$19,375.00","$5,812.50","$3,000.00","$1,176.00",$186.15,4.94%,,,,,,,,,,,,,,,,,,,,,,,,,,,,,,
PLAYA DEL CARMEN,https://static.wixstatic.com/media/5ed051_61295bed4da945d593999dff394548e5~mv2.jpg,SOLAR MT,328,STUDIO,33,360,238953,,0,238953,💰 Cotizar,,,,,,,,,,,,,,,,,,,Forma de pago / Payment plan 1,30%,71686,23895,23895,119477,238953,,Forma de pago / Payment plan 2,50%,114697,22939,22939,68818,229395,9558,Forma de pago / Payment plan 3,80%,181604,45401,227005,11948,,,,,,,,,,50%,119477,119477,234174,4779,22,,5256966,0,0,5256966,15,362549,0%,0,362549,,SOLAR MT,328,STUDIO,33,360,"$238,953",,,"$238,953",,,$55,$75,$95,$140,,,,,,,,"$19,375.00","$5,812.50","$3,000.00","$1,386.00",$238.95,3.74%,,,,,,,,,,,,,,,,,,,,,,,,,,,,,,
PLAYA DEL CARMEN,https://static.wixstatic.com/media/5ed051_44fe99a5d5db4cdbbbed7f652cab6cb7~mv2.jpg,SOLAR MT,329,STUDIO,28,304,186148,,0,186148,💰 Cotizar,,,,,,,,,,,,,,,,,,,Forma de pago / Payment plan 1,30%,55844,18615,18615,93074,186148,,Forma de pago / Payment plan 2,50%,89351,17870,17870,53611,178702,7446,Forma de pago / Payment plan 3,80%,141473,35368,176841,9307,,,,,,,,,,50%,93074,93074,182425,3723,22,,4095260,0,0,4095260,15,282432,0%,0,282432,,SOLAR MT,329,STUDIO,28,304,"$186,148",,,"$186,148",,,$55,$75,$95,$140,,,,,,,,"$19,375.00","$5,812.50","$3,000.00","$1,176.00",$186.15,4.94%,,,,,,,,,,,,,,,,,,,,,,,,,,,,,,
PLAYA DEL CARMEN,https://static.wixstatic.com/media/5ed051_5216dea9829c43a09464b04122971187~mv2.jpg,SOLAR MT,331,STUDIO,30,322,196808,,0,196808,💰 Cotizar,,,,,,,,,,,,,,,,,,,Forma de pago / Payment plan 1,30%,59042,19681,19681,98404,196808,,Forma de pago / Payment plan 2,50%,94468,18894,18894,56681,188935,7872,Forma de pago / Payment plan 3,80%,149574,37393,186967,9840,,,,,,,,,,50%,98404,98404,192872,3936,22,,4329772,0,0,4329772,15,298605,0%,0,298605,,SOLAR MT,331,STUDIO,30,322,"$196,808",,,"$196,808",,,$55,$75,$95,$140,,,,,,,,"$19,375.00","$5,812.50","$3,000.00","$1,260.00",$196.81,4.63%,,,,,,,,,,,,,,,,,,,,,,,,,,,,,,
PLAYA DEL CARMEN,https://static.wixstatic.com/media/5ed051_8669d916cffb486e9fd578c6c2f1c41c~mv2.jpg,SOLAR MT,401,STUDIO,33,360,226253,,0,226253,💰 Cotizar,,,,,,,,,,,,,,,,,,,Forma de pago / Payment plan 1,30%,67876,22625,22625,113127,226253,,Forma de pago / Payment plan 2,50%,108602,21720,21720,65161,217203,9050,Forma de pago / Payment plan 3,80%,171953,42988,214941,11313,,,,,,,,,,50%,113127,113127,221728,4525,22,,4977575,0,0,4977575,15,343281,0%,0,343281,,SOLAR MT,401,STUDIO,33,360,"$226,253",,,"$226,253",,,$55,$75,$95,$140,,,,,,,,"$19,375.00","$5,812.50","$3,000.00","$1,386.00",$226.25,3.96%,,,,,,,,,,,,,,,,,,,,,,,,,,,,,,
PLAYA DEL CARMEN,https://static.wixstatic.com/media/5ed051_36761d0d3368461292e698566e57bdca~mv2.jpg,SOLAR MT,402,STUDIO,33,360,226253,,0,226253,💰 Cotizar,,,,,,,,,,,,,,,,,,,Forma de pago / Payment plan 1,30%,67876,22625,22625,113127,226253,,Forma de pago / Payment plan 2,50%,108602,21720,21720,65161,217203,9050,Forma de pago / Payment plan 3,80%,171953,42988,214941,11313,,,,,,,,,,50%,113127,113127,221728,4525,22,,4977575,0,0,4977575,15,343281,0%,0,343281,,SOLAR MT,402,STUDIO,33,360,"$226,253",,,"$226,253",,,$55,$75,$95,$140,,,,,,,,"$19,375.00","$5,812.50","$3,000.00","$1,386.00",$226.25,3.96%,,,,,,,,,,,,,,,,,,,,,,,,,,,,,,
PLAYA DEL CARMEN,https://static.wixstatic.com/media/5ed051_26cd546cddf54d5c8d66b17277f3a735~mv2.jpg,SOLAR MT,403,STUDIO,33,350,220296,,0,220296,💰 Cotizar,,,,,,,,,,,,,,,,,,,Forma de pago / Payment plan 1,30%,66089,22030,22030,110148,220296,,Forma de pago / Payment plan 2,50%,105742,21148,21148,63445,211484,8812,Forma de pago / Payment plan 3,80%,167425,41856,209281,11015,,,,,,,,,,50%,110148,110148,215890,4406,22,,4846508,0,0,4846508,15,334242,0%,0,334242,,SOLAR MT,403,STUDIO,33,350,"$220,296",,,"$220,296",,,$55,$75,$95,$140,,,,,,,,"$19,375.00","$5,812.50","$3,000.00","$1,386.00",$220.30,4.07%,,,,,,,,,,,,,,,,,,,,,,,,,,,,,,
PLAYA DEL CARMEN,https://static.wixstatic.com/media/5ed051_1b3d36feec4f42c997e93b9b973fe263~mv2.jpg,SOLAR MT,404,1 RECAMARA,81,873,587454,5%,29373,558081,💰 Cotizar,,,,,,,,,,,,,,,,,,,Forma de pago / Payment plan 1,30%,167424,55808,55808,279040,558081,,Forma de pago / Payment plan 2,50%,267291,53458,53458,160375,534583,23498,Forma de pago / Payment plan 3,80%,424141,106035,530177,29373,,,,,,,,,,50%,279040,279040,546919,11162,22,,12923979,646199,0,12277780,15,891309,5%,44565,846743,,SOLAR MT,404,1 RECAMARA,81,873,"$587,454",5%,"$29,373","$558,081",,,$90,$130,$150,$200,,,,,,,,"$31,416.00","$9,424.80","$3,000.00","$3,402.00",$558.08,2.69%,,,,,,,,,,,,,,,,,,,,,,,,,,,,,,
PLAYA DEL CARMEN,https://static.wixstatic.com/media/5ed051_c48f31686304456d920ee97a13cacde4~mv2.jpg,SOLAR MT,405,STUDIO,32,345,213520,,0,213520,💰 Cotizar,,,,,,,,,,,,,,,,,,,Forma de pago / Payment plan 1,30%,64056,21352,21352,106760,213520,,Forma de pago / Payment plan 2,50%,102489,20498,20498,61494,204979,8541,Forma de pago / Payment plan 3,80%,162275,40569,202844,10676,,,,,,,,,,50%,106760,106760,209249,4270,22,,4697431,0,0,4697431,15,323961,0%,0,323961,,SOLAR MT,405,STUDIO,32,345,"$213,520",,,"$213,520",,,$55,$75,$95,$140,,,,,,,,"$19,375.00","$5,812.50","$3,000.00","$1,344.00",$213.52,4.22%,,,,,,,,,,,,,,,,,,,,,,,,,,,,,,
PLAYA DEL CARMEN,https://static.wixstatic.com/media/5ed051_104ce37de0dd436c894f9600a7e20886~mv2.jpg,SOLAR MT,406,STUDIO,33,360,226253,,0,226253,💰 Cotizar,,,,,,,,,,,,,,,,,,,Forma de pago / Payment plan 1,30%,67876,22625,22625,113127,226253,,Forma de pago / Payment plan 2,50%,108602,21720,21720,65161,217203,9050,Forma de pago / Payment plan 3,80%,171953,42988,214941,11313,,,,,,,,,,50%,113127,113127,221728,4525,22,,4977575,0,0,4977575,15,343281,0%,0,343281,,SOLAR MT,406,STUDIO,33,360,"$226,253",,,"$226,253",,,$55,$75,$95,$140,,,,,,,,"$19,375.00","$5,812.50","$3,000.00","$1,386.00",$226.25,3.96%,,,,,,,,,,,,,,,,,,,,,,,,,,,,,,
PLAYA DEL CARMEN,https://static.wixstatic.com/media/5ed051_a94d2a7a7f22493caea1968b0fc4d5c4~mv2.jpg,SOLAR MT,407,STUDIO,28,304,188411,,0,188411,💰 Cotizar,,,,,,,,,,,,,,,,,,,Forma de pago / Payment plan 1,30%,56523,18841,18841,94206,188411,,Forma de pago / Payment plan 2,50%,90437,18087,18087,54262,180875,7536,Forma de pago / Payment plan 3,80%,143193,35798,178991,9421,,,,,,,,,,50%,94206,94206,184643,3768,22,,4145051,0,0,4145051,15,285866,0%,0,285866,,SOLAR MT,407,STUDIO,28,304,"$188,411",,,"$188,411",,,$55,$75,$95,$140,,,,,,,,"$19,375.00","$5,812.50","$3,000.00","$1,176.00",$188.41,4.88%,,,,,,,,,,,,,,,,,,,,,,,,,,,,,,
PLAYA DEL CARMEN,https://static.wixstatic.com/media/5ed051_e2f3308ee9f14fab8ecc5428815fafd0~mv2.jpg,SOLAR MT,408,STUDIO,33,360,226253,,0,226253,💰 Cotizar,,,,,,,,,,,,,,,,,,,Forma de pago / Payment plan 1,30%,67876,22625,22625,113127,226253,,Forma de pago / Payment plan 2,50%,108602,21720,21720,65161,217203,9050,Forma de pago / Payment plan 3,80%,171953,42988,214941,11313,,,,,,,,,,50%,113127,113127,221728,4525,22,,4977575,0,0,4977575,15,343281,0%,0,343281,,SOLAR MT,408,STUDIO,33,360,"$226,253",,,"$226,253",,,$55,$75,$95,$140,,,,,,,,"$19,375.00","$5,812.50","$3,000.00","$1,386.00",$226.25,3.96%,,,,,,,,,,,,,,,,,,,,,,,,,,,,,,
PLAYA DEL CARMEN,https://static.wixstatic.com/media/5ed051_f28867f662d146a4b4f290d9dd191448~mv2.jpg,SOLAR MT,410,STUDIO,33,360,226253,,0,226253,💰 Cotizar,,,,,,,,,,,,,,,,,,,Forma de pago / Payment plan 1,30%,67876,22625,22625,113127,226253,,Forma de pago / Payment plan 2,50%,108602,21720,21720,65161,217203,9050,Forma de pago / Payment plan 3,80%,171953,42988,214941,11313,,,,,,,,,,50%,113127,113127,221728,4525,22,,4977575,0,0,4977575,15,343281,0%,0,343281,,SOLAR MT,410,STUDIO,33,360,"$226,253",,,"$226,253",,,$55,$75,$95,$140,,,,,,,,"$19,375.00","$5,812.50","$3,000.00","$1,386.00",$226.25,3.96%,,,,,,,,,,,,,,,,,,,,,,,,,,,,,,
PLAYA DEL CARMEN,https://static.wixstatic.com/media/5ed051_4628d3555c4140b9a156c22084a0834b~mv2.jpg,SOLAR MT,412,STUDIO,33,360,226253,,0,226253,💰 Cotizar,,,,,,,,,,,,,,,,,,,Forma de pago / Payment plan 1,30%,67876,22625,22625,113127,226253,,Forma de pago / Payment plan 2,50%,108602,21720,21720,65161,217203,9050,Forma de pago / Payment plan 3,80%,171953,42988,214941,11313,,,,,,,,,,50%,113127,113127,221728,4525,22,,4977575,0,0,4977575,15,343281,0%,0,343281,,SOLAR MT,412,STUDIO,33,360,"$226,253",,,"$226,253",,,$55,$75,$95,$140,,,,,,,,"$19,375.00","$5,812.50","$3,000.00","$1,386.00",$226.25,3.96%,,,,,,,,,,,,,,,,,,,,,,,,,,,,,,
PLAYA DEL CARMEN,https://static.wixstatic.com/media/5ed051_57a35fa7d2cb404db8833c4bb5cfd8fd~mv2.jpg,SOLAR MT,413,STUDIO,28,304,188411,,0,188411,💰 Cotizar,,,,,,,,,,,,,,,,,,,Forma de pago / Payment plan 1,30%,56523,18841,18841,94206,188411,,Forma de pago / Payment plan 2,50%,90437,18087,18087,54262,180875,7536,Forma de pago / Payment plan 3,80%,143193,35798,178991,9421,,,,,,,,,,50%,94206,94206,184643,3768,22,,4145051,0,0,4145051,15,285866,0%,0,285866,,SOLAR MT,413,STUDIO,28,304,"$188,411",,,"$188,411",,,$55,$75,$95,$140,,,,,,,,"$19,375.00","$5,812.50","$3,000.00","$1,176.00",$188.41,4.88%,,,,,,,,,,,,,,,,,,,,,,,,,,,,,,
PLAYA DEL CARMEN,https://static.wixstatic.com/media/5ed051_b1c8e60b2e29403a933124ab01b73d1d~mv2.jpg,SOLAR MT,414,STUDIO,33,360,226253,,0,226253,💰 Cotizar,,,,,,,,,,,,,,,,,,,Forma de pago / Payment plan 1,30%,67876,22625,22625,113127,226253,,Forma de pago / Payment plan 2,50%,108602,21720,21720,65161,217203,9050,Forma de pago / Payment plan 3,80%,171953,42988,214941,11313,,,,,,,,,,50%,113127,113127,221728,4525,22,,4977575,0,0,4977575,15,343281,0%,0,343281,,SOLAR MT,414,STUDIO,33,360,"$226,253",,,"$226,253",,,$55,$75,$95,$140,,,,,,,,"$19,375.00","$5,812.50","$3,000.00","$1,386.00",$226.25,3.96%,,,,,,,,,,,,,,,,,,,,,,,,,,,,,,
PLAYA DEL CARMEN,https://static.wixstatic.com/media/5ed051_403149bb5b79401da5188dce5b2e82a8~mv2.jpg,SOLAR MT,416,1 RECAMARA,57,613,385416,5%,19271,366145,💰 Cotizar,,,,,,,,,,,,,,,,,,,Forma de pago / Payment plan 1,30%,109844,36615,36615,183073,366145,,Forma de pago / Payment plan 2,50%,175364,35073,35073,105219,350729,15417,Forma de pago / Payment plan 3,80%,278270,69568,347838,19271,,,,,,,,,,50%,183073,183073,358822,7323,22,,8479154,423958,0,8055196,15,584769,5%,29238,555531,,SOLAR MT,416,1 RECAMARA,57,613,"$385,416",5%,"$19,271","$366,145",,,$90,$130,$150,$200,,,,,,,,"$31,416.00","$9,424.80","$3,000.00","$2,394.00",$366.15,4.43%,,,,,,,,,,,,,,,,,,,,,,,,,,,,,,
PLAYA DEL CARMEN,https://static.wixstatic.com/media/5ed051_8d771885011f44e593af836f97c1589c~mv2.jpg,SOLAR MT,419,STUDIO,32,345,213520,,0,213520,💰 Cotizar,,,,,,,,,,,,,,,,,,,Forma de pago / Payment plan 1,30%,64056,21352,21352,106760,213520,,Forma de pago / Payment plan 2,50%,102489,20498,20498,61494,204979,8541,Forma de pago / Payment plan 3,80%,162275,40569,202844,10676,,,,,,,,,,50%,106760,106760,209249,4270,22,,4697431,0,0,4697431,15,323961,0%,0,323961,,SOLAR MT,419,STUDIO,32,345,"$213,520",,,"$213,520",,,$55,$75,$95,$140,,,,,,,,"$19,375.00","$5,812.50","$3,000.00","$1,344.00",$213.52,4.22%,,,,,,,,,,,,,,,,,,,,,,,,,,,,,,
PLAYA DEL CARMEN,https://static.wixstatic.com/media/5ed051_a59caf0f8a0048e1bad4008808cebd60~mv2.jpg,SOLAR MT,421,1 RECAMARA,81,873,587454,5%,29373,558081,💰 Cotizar,,,,,,,,,,,,,,,,,,,Forma de pago / Payment plan 1,30%,167424,55808,55808,279040,558081,,Forma de pago / Payment plan 2,50%,267291,53458,53458,160375,534583,23498,Forma de pago / Payment plan 3,80%,424141,106035,530177,29373,,,,,,,,,,50%,279040,279040,546919,11162,22,,12923979,646199,0,12277780,15,891309,5%,44565,846743,,SOLAR MT,421,1 RECAMARA,81,873,"$587,454",5%,"$29,373","$558,081",,,$90,$130,$150,$200,,,,,,,,"$31,416.00","$9,424.80","$3,000.00","$3,402.00",$558.08,2.69%,,,,,,,,,,,,,,,,,,,,,,,,,,,,,,
PLAYA DEL CARMEN,https://static.wixstatic.com/media/5ed051_405b4945656c4a85811fdf1030ddf1e0~mv2.jpg,SOLAR MT,425,STUDIO,38,409,252947,,0,252947,💰 Cotizar,,,,,,,,,,,,,,,,,,,Forma de pago / Payment plan 1,30%,75884,25295,25295,126473,252947,,Forma de pago / Payment plan 2,50%,121414,24283,24283,72849,242829,10118,Forma de pago / Payment plan 3,80%,192240,48060,240299,12647,,,,,,,,,,50%,126473,126473,247888,5059,22,,5564830,0,0,5564830,15,383781,0%,0,383781,,SOLAR MT,425,STUDIO,38,409,"$252,947",,,"$252,947",,,$55,$75,$95,$140,,,,,,,,"$19,375.00","$5,812.50","$3,000.00","$1,596.00",$252.95,3.44%,,,,,,,,,,,,,,,,,,,,,,,,,,,,,,
PLAYA DEL CARMEN,https://static.wixstatic.com/media/5ed051_96ac648091df40ac858b050c403af1b1~mv2.jpg,SOLAR MT,427,STUDIO,28,304,188411,,0,188411,💰 Cotizar,,,,,,,,,,,,,,,,,,,Forma de pago / Payment plan 1,30%,56523,18841,18841,94206,188411,,Forma de pago / Payment plan 2,50%,90437,18087,18087,54262,180875,7536,Forma de pago / Payment plan 3,80%,143193,35798,178991,9421,,,,,,,,,,50%,94206,94206,184643,3768,22,,4145051,0,0,4145051,15,285866,0%,0,285866,,SOLAR MT,427,STUDIO,28,304,"$188,411",,,"$188,411",,,$55,$75,$95,$140,,,,,,,,"$19,375.00","$5,812.50","$3,000.00","$1,176.00",$188.41,4.88%,,,,,,,,,,,,,,,,,,,,,,,,,,,,,,
PLAYA DEL CARMEN,https://static.wixstatic.com/media/5ed051_acf9c56e602b455b95b8a4ef5e9004ac~mv2.jpg,SOLAR MT,431,STUDIO,30,322,199201,,0,199201,💰 Cotizar,,,,,,,,,,,,,,,,,,,Forma de pago / Payment plan 1,30%,59760,19920,19920,99600,199201,,Forma de pago / Payment plan 2,50%,95616,19123,19123,57370,191233,7968,Forma de pago / Payment plan 3,80%,151392,37848,189241,9960,,,,,,,,,,50%,99600,99600,195217,3984,22,,4382413,0,0,4382413,15,302235,0%,0,302235,,SOLAR MT,431,STUDIO,30,322,"$199,201",,,"$199,201",,,$55,$75,$95,$140,,,,,,,,"$19,375.00","$5,812.50","$3,000.00","$1,260.00",$199.20,4.57%,,,,,,,,,,,,,,,,,,,,,,,,,,,,,,
PLAYA DEL CARMEN,https://static.wixstatic.com/media/5ed051_f84a4e504c844f429ec3ed642ba05c50~mv2.jpg,SOLAR MT,502,STUDIO,33,360,228927,,0,228927,💰 Cotizar,,,,,,,,,,,,,,,,,,,Forma de pago / Payment plan 1,30%,68678,22893,22893,114464,228927,,Forma de pago / Payment plan 2,50%,109885,21977,21977,65931,219770,9157,Forma de pago / Payment plan 3,80%,173985,43496,217481,11446,,,,,,,,,,50%,114464,114464,224348,4579,22,,5036394,0,0,5036394,15,347338,0%,0,347338,,SOLAR MT,502,STUDIO,33,360,"$228,927",,,"$228,927",,,$55,$75,$95,$140,,,,,,,,"$19,375.00","$5,812.50","$3,000.00","$1,386.00",$228.93,3.91%,,,,,,,,,,,,,,,,,,,,,,,,,,,,,,
PLAYA DEL CARMEN,https://static.wixstatic.com/media/5ed051_781d936e820a42c7a4bd15eae5f8f33f~mv2.jpg,SOLAR MT,504,1 RECAMARA,81,873,593945,5%,29697,564248,💰 Cotizar,,,,,,,,,,,,,,,,,,,Forma de pago / Payment plan 1,30%,169274,56425,56425,282124,564248,,Forma de pago / Payment plan 2,50%,270245,54049,54049,162147,540490,23758,Forma de pago / Payment plan 3,80%,428828,107207,536035,29697,,,,,,,,,,50%,282124,282124,552963,11285,22,,13066786,653339,0,12413446,15,901158,5%,45058,856100,,SOLAR MT,504,1 RECAMARA,81,873,"$593,945",5%,"$29,697","$564,248",,,$90,$130,$150,$200,,,,,,,,"$31,416.00","$9,424.80","$3,000.00","$3,402.00",$564.25,2.66%,,,,,,,,,,,,,,,,,,,,,,,,,,,,,,
PLAYA DEL CARMEN,https://static.wixstatic.com/media/5ed051_499cf4aff6454cbbb20f93e678b769ac~mv2.jpg,SOLAR MT,505,STUDIO,32,345,216084,,0,216084,💰 Cotizar,,,,,,,,,,,,,,,,,,,Forma de pago / Payment plan 1,30%,64825,21608,21608,108042,216084,,Forma de pago / Payment plan 2,50%,103721,20744,20744,62232,207441,8643,Forma de pago / Payment plan 3,80%,164224,41056,205280,10804,,,,,,,,,,50%,108042,108042,211763,4322,22,,4753857,0,0,4753857,15,327852,0%,0,327852,,SOLAR MT,505,STUDIO,32,345,"$216,084",,,"$216,084",,,$55,$75,$95,$140,,,,,,,,"$19,375.00","$5,812.50","$3,000.00","$1,344.00",$216.08,4.17%,,,,,,,,,,,,,,,,,,,,,,,,,,,,,,
PLAYA DEL CARMEN,https://static.wixstatic.com/media/5ed051_0e934e02feb548579d0d7420ed3cf088~mv2.jpg,SOLAR MT,506,STUDIO,33,360,228927,,0,228927,💰 Cotizar,,,,,,,,,,,,,,,,,,,Forma de pago / Payment plan 1,30%,68678,22893,22893,114464,228927,,Forma de pago / Payment plan 2,50%,109885,21977,21977,65931,219770,9157,Forma de pago / Payment plan 3,80%,173985,43496,217481,11446,,,,,,,,,,50%,114464,114464,224348,4579,22,,5036394,0,0,5036394,15,347338,0%,0,347338,,SOLAR MT,506,STUDIO,33,360,"$228,927",,,"$228,927",,,$55,$75,$95,$140,,,,,,,,"$19,375.00","$5,812.50","$3,000.00","$1,386.00",$228.93,3.91%,,,,,,,,,,,,,,,,,,,,,,,,,,,,,,
PLAYA DEL CARMEN,https://static.wixstatic.com/media/5ed051_5c7972578d494399aab39cc8011338d7~mv2.jpg,SOLAR MT,507,STUDIO,28,304,190675,,0,190675,💰 Cotizar,,,,,,,,,,,,,,,,,,,Forma de pago / Payment plan 1,30%,57202,19067,19067,95337,190675,,Forma de pago / Payment plan 2,50%,91524,18305,18305,54914,183048,7627,Forma de pago / Payment plan 3,80%,144913,36228,181141,9534,,,,,,,,,,50%,95337,95337,186861,3813,22,,4194841,0,0,4194841,15,289299,0%,0,289299,,SOLAR MT,507,STUDIO,28,304,"$190,675",,,"$190,675",,,$55,$75,$95,$140,,,,,,,,"$19,375.00","$5,812.50","$3,000.00","$1,176.00",$190.67,4.82%,,,,,,,,,,,,,,,,,,,,,,,,,,,,,,
PLAYA DEL CARMEN,https://static.wixstatic.com/media/5ed051_fd134af4a43a4db3ab5aa430232e050e~mv2.jpg,SOLAR MT,508,2 RECAMARAS,136,1463,829600,5%,41480,788120,💰 Cotizar,,,,,,,,,,,,,,,,,,,Forma de pago / Payment plan 1,30%,236436,78812,78812,394060,788120,,Forma de pago / Payment plan 2,50%,377468,75494,75494,226481,754936,33184,Forma de pago / Payment plan 3,80%,598971,149743,748714,41480,,,,,,,,,,50%,394060,394060,772358,15762,22,,18251200,912560,0,17338640,15,1258703,5%,62935,1195768,,SOLAR MT,508,2 RECAMARAS,136,1463,"$829,600",5%,"$41,480","$788,120",,,$135,$165,$210,$350,,,,,,,,"$44,049.00","$13,214.70","$3,000.00","$5,712.00",$788.12,2.71%,,,,,,,,,,,,,,,,,,,,,,,,,,,,,,
PLAYA DEL CARMEN,https://static.wixstatic.com/media/5ed051_35375c638c4847aba3b9e6399b85032d~mv2.jpg,SOLAR MT,509,2 RECAMARAS,116,1244,693540,5%,34677,658863,💰 Cotizar,,,,,,,,,,,,,,,,,,,Forma de pago / Payment plan 1,30%,197659,65886,65886,329432,658863,,Forma de pago / Payment plan 2,50%,315561,63112,63112,189336,631121,27742,Forma de pago / Payment plan 3,80%,500736,125184,625920,34677,,,,,,,,,,50%,329432,329432,645686,13177,22,,15257880,762894,0,14494986,15,1052268,5%,52613,999654,,SOLAR MT,509,2 RECAMARAS,116,1244,"$693,540",5%,"$34,677","$658,863",,,$135,$165,$210,$350,,,,,,,,"$44,049.00","$13,214.70","$3,000.00","$4,872.00",$658.86,3.39%,,,,,,,,,,,,,,,,,,,,,,,,,,,,,,
PLAYA DEL CARMEN,https://static.wixstatic.com/media/5ed051_07d12a9e63374abaa4a7009c4d8c5a27~mv2.jpg,SOLAR MT,510,2 RECAMARAS,136,1463,829600,5%,41480,788120,💰 Cotizar,,,,,,,,,,,,,,,,,,,Forma de pago / Payment plan 1,30%,236436,78812,78812,394060,788120,,Forma de pago / Payment plan 2,50%,377468,75494,75494,226481,754936,33184,Forma de pago / Payment plan 3,80%,598971,149743,748714,41480,,,,,,,,,,50%,394060,394060,772358,15762,22,,18251200,912560,0,17338640,15,1258703,5%,62935,1195768,,SOLAR MT,510,2 RECAMARAS,136,1463,"$829,600",5%,"$41,480","$788,120",,,$135,$165,$210,$350,,,,,,,,"$44,049.00","$13,214.70","$3,000.00","$5,712.00",$788.12,2.71%,,,,,,,,,,,,,,,,,,,,,,,,,,,,,,
PLAYA DEL CARMEN,https://static.wixstatic.com/media/5ed051_a1862a7851924cfba564f20a2a39dab2~mv2.jpg,SOLAR MT,511,2 RECAMARAS,127,1366,761580,5%,38079,723501,💰 Cotizar,,,,,,,,,,,,,,,,,,,Forma de pago / Payment plan 1,30%,217050,72350,72350,361751,723501,,Forma de pago / Payment plan 2,50%,346519,69304,69304,207911,693038,30463,Forma de pago / Payment plan 3,80%,549861,137465,687326,38079,,,,,,,,,,50%,361751,361751,709031,14470,22,,16754760,837738,0,15917022,15,1155501,5%,57775,1097726,,SOLAR MT,511,2 RECAMARAS,127,1366,"$761,580",5%,"$38,079","$723,501",,,$135,$165,$210,$350,,,,,,,,"$44,049.00","$13,214.70","$3,000.00","$5,334.00",$723.50,3.01%,,,,,,,,,,,,,,,,,,,,,,,,,,,,,,
PLAYA DEL CARMEN,https://static.wixstatic.com/media/5ed051_7d42052dc6a74fd192613f0a2a10f62e~mv2.jpg,SOLAR MT,512,2 RECAMARAS,114,1223,693143,5%,34657,658486,💰 Cotizar,,,,,,,,,,,,,,,,,,,Forma de pago / Payment plan 1,30%,197546,65849,65849,329243,658486,,Forma de pago / Payment plan 2,50%,315380,63076,63076,189228,630760,27726,Forma de pago / Payment plan 3,80%,500449,125112,625562,34657,,,,,,,,,,50%,329243,329243,645316,13170,22,,15249146,762457,0,14486689,15,1051665,5%,52583,999082,,SOLAR MT,512,2 RECAMARAS,114,1223,"$693,143",5%,"$34,657","$658,486",,,$135,$165,$210,$350,,,,,,,,"$44,049.00","$13,214.70","$3,000.00","$4,788.00",$658.49,3.40%,,,,,,,,,,,,,,,,,,,,,,,,,,,,,,
PLAYA DEL CARMEN,https://static.wixstatic.com/media/5ed051_e9ef6fda5ca54adba755a4574decf28c~mv2.jpg,SOLAR MT,515,STUDIO,32,345,216084,,0,216084,💰 Cotizar,,,,,,,,,,,,,,,,,,,Forma de pago / Payment plan 1,30%,64825,21608,21608,108042,216084,,Forma de pago / Payment plan 2,50%,103721,20744,20744,62232,207441,8643,Forma de pago / Payment plan 3,80%,164224,41056,205280,10804,,,,,,,,,,50%,108042,108042,211763,4322,22,,4753857,0,0,4753857,15,327852,0%,0,327852,,SOLAR MT,515,STUDIO,32,345,"$216,084",,,"$216,084",,,$55,$75,$95,$140,,,,,,,,"$19,375.00","$5,812.50","$3,000.00","$1,344.00",$216.08,4.17%,,,,,,,,,,,,,,,,,,,,,,,,,,,,,,
PLAYA DEL CARMEN,https://static.wixstatic.com/media/5ed051_9cf89be9a9064d208b2005af0e38a85c~mv2.jpg,SOLAR MT,517,2 RECAMARAS,114,1232,837994,5%,41900,796094,💰 Cotizar,,,,,,,,,,,,,,,,,,,Forma de pago / Payment plan 1,30%,238828,79609,79609,398047,796094,,Forma de pago / Payment plan 2,50%,381287,76257,76257,228772,762574,33520,Forma de pago / Payment plan 3,80%,605031,151258,756289,41900,,,,,,,,,,50%,398047,398047,780172,15922,22,,18435859,921793,0,17514066,15,1271439,5%,63572,1207867,,SOLAR MT,517,2 RECAMARAS,114,1232,"$837,994",5%,"$41,900","$796,094",,,$135,$165,$210,$350,,,,,,,,"$44,049.00","$13,214.70","$3,000.00","$4,788.00",$796.09,2.79%,,,,,,,,,,,,,,,,,,,,,,,,,,,,,,
PLAYA DEL CARMEN,https://static.wixstatic.com/media/5ed051_e7d4034be2f04dab9e12013bed625f29~mv2.jpg,SOLAR MT,521,STUDIO,28,304,190675,,0,190675,💰 Cotizar,,,,,,,,,,,,,,,,,,,Forma de pago / Payment plan 1,30%,57202,19067,19067,95337,190675,,Forma de pago / Payment plan 2,50%,91524,18305,18305,54914,183048,7627,Forma de pago / Payment plan 3,80%,144913,36228,181141,9534,,,,,,,,,,50%,95337,95337,186861,3813,22,,4194841,0,0,4194841,15,289299,0%,0,289299,,SOLAR MT,521,STUDIO,28,304,"$190,675",,,"$190,675",,,$55,$75,$95,$140,,,,,,,,"$19,375.00","$5,812.50","$3,000.00","$1,176.00",$190.67,4.82%,,,,,,,,,,,,,,,,,,,,,,,,,,,,,,
PLAYA DEL CARMEN,https://static.wixstatic.com/media/5ed051_4c66c5b210d140a18c333bc3f66b4677~mv2.jpg,SOLAR MT,522,2 RECAMARAS,136,1463,843200,5%,42160,801040,💰 Cotizar,,,,,,,,,,,,,,,,,,,Forma de pago / Payment plan 1,30%,240312,80104,80104,400520,801040,,Forma de pago / Payment plan 2,50%,383656,76731,76731,230194,767312,33728,Forma de pago / Payment plan 3,80%,608790,152198,760988,42160,,,,,,,,,,50%,400520,400520,785019,16021,22,,18550400,927520,0,17622880,15,1279338,5%,63967,1215371,,SOLAR MT,522,2 RECAMARAS,136,1463,"$843,200",5%,"$42,160","$801,040",,,$135,$165,$210,$350,,,,,,,,"$44,049.00","$13,214.70","$3,000.00","$5,712.00",$801.04,2.66%,,,,,,,,,,,,,,,,,,,,,,,,,,,,,,
PLAYA DEL CARMEN,https://static.wixstatic.com/media/5ed051_e223e7643ac84ad1ad51c34361225246~mv2.jpg,SOLAR MT,523,2 RECAMARAS,153,1645,917040,5%,45852,871188,💰 Cotizar,,,,,,,,,,,,,,,,,,,Forma de pago / Payment plan 1,30%,261356,87119,87119,435594,871188,,Forma de pago / Payment plan 2,50%,417253,83451,83451,250352,834506,36682,Forma de pago / Payment plan 3,80%,662103,165526,827629,45852,,,,,,,,,,50%,435594,435594,853764,17424,22,,20174880,1008744,0,19166136,15,1391371,5%,69569,1321802,,SOLAR MT,523,2 RECAMARAS,153,1645,"$917,040",5%,"$45,852","$871,188",,,$135,$165,$210,$350,,,,,,,,"$44,049.00","$13,214.70","$3,000.00","$6,426.00",$871.19,2.36%,,,,,,,,,,,,,,,,,,,,,,,,,,,,,,
PLAYA DEL CARMEN,https://static.wixstatic.com/media/5ed051_333e5a092b2145ef980fc7f189e233d4~mv2.jpg,SOLAR MT,524,2 RECAMARAS,148,1594,918654,5%,45933,872721,💰 Cotizar,,,,,,,,,,,,,,,,,,,Forma de pago / Payment plan 1,30%,261816,87272,87272,436361,872721,,Forma de pago / Payment plan 2,50%,417988,83598,83598,250793,835975,36746,Forma de pago / Payment plan 3,80%,663268,165817,829085,45933,,,,,,,,,,50%,436361,436361,855267,17454,22,,20210388,1010519,0,19199869,15,1393820,5%,69691,1324129,,SOLAR MT,524,2 RECAMARAS,148,1594,"$918,654",5%,"$45,933","$872,721",,,$135,$165,$210,$350,,,,,,,,"$44,049.00","$13,214.70","$3,000.00","$6,216.00",$872.72,2.38%,,,,,,,,,,,,,,,,,,,,,,,,,,,,,,